id,seed_query,candidate_query,context,syntax_valid,sandbox_malicious,notes,malicious_intent_preserved,realistic_for_context,non_trivial_mutation,overall_quality_score,keep,reason,backend,status
1,' OR 'x'='x',SELECT * FROM users WHERE username = '' OR 'x'='x'' AND password = 'anything',login,false,false,attack_category=tautology; source=llm_generated; generator_model=gemini-3-flash-preview; payload_inside_quotes_only; parse_failed; not_effectively_malicious,False,True,True,2,False,"The candidate sample maintains the malicious intent of a SQL injection attack, is realistic for a login context, and demonstrates a non-trivial mutation from the seed. Rejected by hard rule because syntax_valid or sandbox_malicious is false.",ollama_local+rules,ok
2,' OR 1=1 --,SELECT * FROM users WHERE username = '' OR 1=1 --' AND password = 'anything',login,true,false,attack_category=tautology; source=llm_generated; generator_model=gemini-3-flash-preview; payload_inside_quotes_only; not_effectively_malicious,False,True,True,2,False,"The candidate sample preserves the malicious intent of a tautology attack in a login context, is realistic, and demonstrates a non-trivial mutation from the seed. Rejected by hard rule because syntax_valid or sandbox_malicious is false.",ollama_local+rules,ok
3,'; DROP TABLE users;--,SELECT * FROM users WHERE username = ''; DROP TABLE users;--' AND password = 'anything',login,true,false,attack_category=tautology; source=llm_generated; generator_model=gemini-3-flash-preview; payload_inside_quotes_only; not_effectively_malicious,False,True,True,2,False,"The candidate sample maintains the malicious intent of a SQL injection attack, is realistic for a login context, and demonstrates a non-trivial mutation from the seed. Rejected by hard rule because syntax_valid or sandbox_malicious is false.",ollama_local+rules,ok
4,' OR 1=1 --,SELECT * FROM products WHERE name LIKE '%' OR 1=1 --%',search,true,false,attack_category=tautology; source=llm_generated; generator_model=gemini-3-flash-preview; payload_inside_quotes_only; not_effectively_malicious,False,True,True,2,False,"The candidate sample maintains the malicious intent of a SQL injection attack, is realistic for a search context, and demonstrates a non-trivial mutation from the seed. Rejected by hard rule because syntax_valid or sandbox_malicious is false.",ollama_local+rules,ok
5,; DROP TABLE IF EXISTS users;--,SELECT * FROM products WHERE name LIKE '%; DROP TABLE IF EXISTS users;--%',search,true,false,attack_category=tautology; source=llm_generated; generator_model=gemini-3-flash-preview; payload_inside_quotes_only; not_effectively_malicious,False,True,True,2,False,"The candidate sample maintains the malicious intent of executing a SQL injection attack by incorporating a semicolon and backslash to bypass SQL injection defenses, while being contextually relevant to a search functionality. Rejected by hard rule because syntax_valid or sandbox_malicious is false.",ollama_local+rules,ok
6,/*'*/OR 1=1 /*'*/,SELECT * FROM products WHERE name LIKE '%/*'*/OR 1=1 /*'*/%',search,false,false,attack_category=tautology; source=llm_generated; generator_model=gemini-3-flash-preview; payload_inside_quotes_only; parse_failed; not_effectively_malicious,False,True,True,2,False,"The candidate sample maintains the malicious intent of a SQL injection attack, is realistic for a search context, and demonstrates a non-trivial mutation from the seed. Rejected by hard rule because syntax_valid or sandbox_malicious is false.",ollama_local+rules,ok
7,1; --,SELECT * FROM users WHERE id = 1; --,id_lookup,true,true,attack_category=tautology; source=llm_generated; generator_model=gemini-3-flash-preview,True,True,True,4,True,"The candidate sample preserves the malicious intent of a SQL injection attack, is realistic for an id_lookup context, and demonstrates a non-trivial mutation from the seed.",ollama_local+rules,ok
8,1' AND '1'='1,SELECT * FROM users WHERE id = 1' AND '1'='1,id_lookup,false,false,attack_category=tautology; source=llm_generated; generator_model=gemini-3-flash-preview; parse_failed; not_effectively_malicious,False,True,True,2,False,"The candidate sample is a tautology (SELECT * FROM users WHERE id = 1' AND '1'='1) that maintains the malicious intent of SQL injection, is realistic for an id_lookup context, and is a non-trivial mutation from the seed. Rejected by hard rule because syntax_valid or sandbox_malicious is false.",ollama_local+rules,ok
9,SELECT * FROM users WHERE id = 1 OR (SELECT 1 FROM (SELECT 1)) --,SELECT * FROM users WHERE id = SELECT * FROM users WHERE id = 1 OR (SELECT 1 FROM (SELECT 1)) --,id_lookup,false,false,attack_category=tautology; source=llm_generated; generator_model=gemini-3-flash-preview; parse_failed; not_effectively_malicious,False,True,True,2,False,"The candidate sample maintains the malicious intent of a SQL injection attack, is realistic for an id_lookup context, and demonstrates a non-trivial mutation from the seed. Rejected by hard rule because syntax_valid or sandbox_malicious is false.",ollama_local+rules,ok
10,status = 'pending' OR 1=1 --,SELECT * FROM orders WHERE status = 'status = 'pending' OR 1=1 --' ORDER BY date DESC,product_filter,false,false,attack_category=tautology; source=llm_generated; generator_model=gemini-3-flash-preview; payload_inside_quotes_only; parse_failed; not_effectively_malicious,False,True,True,2,False,"The candidate sample maintains the malicious intent of a SQL injection attack, is realistic for a product filter context, and demonstrates a non-trivial mutation from the seed. Rejected by hard rule because syntax_valid or sandbox_malicious is false.",ollama_local+rules,ok
11,status LIKE '%%' OR '1'='1',SELECT * FROM orders WHERE status = 'status LIKE '%%' OR '1'='1'' ORDER BY date DESC,product_filter,false,false,attack_category=tautology; source=llm_generated; generator_model=gemini-3-flash-preview; payload_inside_quotes_only; parse_failed; not_effectively_malicious,False,True,True,2,False,"The candidate sample preserves the malicious intent of a tautology attack, is realistic for a product filter context, and demonstrates a non-trivial mutation from the seed. Rejected by hard rule because syntax_valid or sandbox_malicious is false.",ollama_local+rules,ok
12,SELECT * FROM orders WHERE status = 'cancelled' OR (SELECT 1 FROM (SELECT 0)),SELECT * FROM orders WHERE status = 'SELECT * FROM orders WHERE status = 'cancelled' OR (SELECT 1 FROM (SELECT 0))' ORDER BY date DESC,product_filter,false,false,attack_category=tautology; source=llm_generated; generator_model=gemini-3-flash-preview; payload_inside_quotes_only; parse_failed; not_effectively_malicious,False,True,True,2,False,"The candidate sample maintains the malicious intent of a SQL injection attack, is realistic for a product filter context, and demonstrates a non-trivial mutation from the seed. Rejected by hard rule because syntax_valid or sandbox_malicious is false.",ollama_local+rules,ok
13,"1 OR ""'""=""'","INSERT INTO comments (user_id, body) VALUES (1, '1 OR ""'""=""'')",profile_update,false,false,attack_category=tautology; source=llm_generated; generator_model=gemini-3-flash-preview; payload_inside_quotes_only; parse_failed; not_effectively_malicious,False,True,True,2,False,"The candidate sample maintains the malicious intent of a SQL injection attack, is realistic for a profile update context, and demonstrates a non-trivial mutation from the seed. Rejected by hard rule because syntax_valid or sandbox_malicious is false.",ollama_local+rules,ok
14,1 OR /* */ 1=1,"INSERT INTO comments (user_id, body) VALUES (1, '1 OR /* */ 1=1')",profile_update,true,false,attack_category=tautology; source=llm_generated; generator_model=gemini-3-flash-preview; payload_inside_quotes_only; not_effectively_malicious,False,True,True,2,False,"The candidate sample maintains the malicious intent of a SQL injection attack, is realistic for a profile update context, and represents a non-trivial mutation from the seed. Rejected by hard rule because syntax_valid or sandbox_malicious is false.",ollama_local+rules,ok
15,1 OR -- 1,"INSERT INTO comments (user_id, body) VALUES (1, '1 OR -- 1')",profile_update,true,false,attack_category=tautology; source=llm_generated; generator_model=gemini-3-flash-preview; payload_inside_quotes_only; not_effectively_malicious,False,True,True,2,False,"The candidate sample preserves the malicious intent of a SQL injection attack, is realistic for a profile update context, and demonstrates a non-trivial mutation from the seed. Rejected by hard rule because syntax_valid or sandbox_malicious is false.",ollama_local+rules,ok
16,SELECT * FROM users WHERE username = 'admin' --' AND password = 'anything',SELECT * FROM users WHERE username = 'SELECT * FROM users WHERE username = 'admin' --' AND password = 'anything'' AND password = 'anything',login,false,false,attack_category=union_based; source=llm_generated; generator_model=gemini-3-flash-preview; payload_inside_quotes_only; parse_failed; not_effectively_malicious,False,True,True,2,False,"The candidate sample maintains the malicious intent of a union-based SQL injection attack, is realistic for a login context, and demonstrates a non-trivial mutation from the seed. Rejected by hard rule because syntax_valid or sandbox_malicious is false.",ollama_local+rules,ok
17,SELECT * FROM users WHERE username = (SELECT username FROM admins LIMIT 1) AND password = '' OR '1'='1',SELECT * FROM users WHERE username = 'SELECT * FROM users WHERE username = (SELECT username FROM admins LIMIT 1) AND password = '' OR '1'='1'' AND password = 'anything',login,false,false,attack_category=union_based; source=llm_generated; generator_model=gemini-3-flash-preview; payload_inside_quotes_only; parse_failed; not_effectively_malicious,False,True,True,2,False,"The candidate sample maintains the malicious intent of a union-based SQL injection attack, is realistic for a login context, and demonstrates a non-trivial mutation from the seed. Rejected by hard rule because syntax_valid or sandbox_malicious is false.",ollama_local+rules,ok
18,"SELECT * FROM users WHERE username = CHAR(97,100,109,105,'n') COLLATE utf8mb4_general_ci AND password = 'ignore'","SELECT * FROM users WHERE username = 'SELECT * FROM users WHERE username = CHAR(97,100,109,105,'n') COLLATE utf8mb4_general_ci AND password = 'ignore'' AND password = 'anything'",login,false,false,attack_category=union_based; source=llm_generated; generator_model=gemini-3-flash-preview; payload_inside_quotes_only; parse_failed; not_effectively_malicious,False,True,True,2,False,"The candidate sample maintains the malicious intent of a union-based SQL injection attack, is realistic for a login context, and represents a non-trivial mutation from the seed. Rejected by hard rule because syntax_valid or sandbox_malicious is false.",ollama_local+rules,ok
19,"' OR '1'='1 UNION SELECT username, password FROM users --","SELECT * FROM products WHERE name LIKE '%' OR '1'='1 UNION SELECT username, password FROM users --%'",search,true,false,attack_category=union_based; source=llm_generated; generator_model=gemini-3-flash-preview; payload_inside_quotes_only; not_effectively_malicious,False,True,True,2,False,"The candidate sample maintains the malicious intent of a union-based SQL injection attack, is realistic for a search context, and demonstrates a non-trivial mutation from the seed. Rejected by hard rule because syntax_valid or sandbox_malicious is false.",ollama_local+rules,ok
20,"` OR `1`=`1 UNION SELECT email, phone FROM customers /*","SELECT * FROM products WHERE name LIKE '%` OR `1`=`1 UNION SELECT email, phone FROM customers /*%'",search,true,false,attack_category=union_based; source=llm_generated; generator_model=gemini-3-flash-preview; payload_inside_quotes_only; not_effectively_malicious,False,True,True,2,False,"The candidate sample is a union-based SQL injection attack that is plausible in a search context, with meaningful mutation from the seed. Rejected by hard rule because syntax_valid or sandbox_malicious is false.",ollama_local+rules,ok
21,"'; DROP TABLE IF EXISTS temp; CREATE TABLE temp AS SELECT id, CONCAT(username, ':', password) AS creds FROM users; --","SELECT * FROM products WHERE name LIKE '%'; DROP TABLE IF EXISTS temp; CREATE TABLE temp AS SELECT id, CONCAT(username, ':', password) AS creds FROM users; --%'",search,true,false,attack_category=union_based; source=llm_generated; generator_model=gemini-3-flash-preview; payload_inside_quotes_only; not_effectively_malicious,False,True,True,2,False,"The candidate sample maintains the malicious intent of a union-based SQL injection attack, is realistic for a search context, and demonstrates a non-trivial mutation from the seed. Rejected by hard rule because syntax_valid or sandbox_malicious is false.",ollama_local+rules,ok
22,SELECT * FROM users WHERE id = ' OR '1'='1,SELECT * FROM users WHERE id = SELECT * FROM users WHERE id = ' OR '1'='1,id_lookup,false,false,attack_category=union_based; source=llm_generated; generator_model=gemini-3-flash-preview; parse_failed; not_effectively_malicious,False,True,True,2,False,"The candidate sample is a union-based SQL injection attack that is plausible for an id_lookup context, with a meaningful mutation from the seed. Rejected by hard rule because syntax_valid or sandbox_malicious is false.",ollama_local+rules,ok
23,"-- -
UNION SELECT password FROM users WHERE id = '-- -'","SELECT * FROM users WHERE id = -- -
UNION SELECT password FROM users WHERE id = '-- -'",id_lookup,false,false,attack_category=union_based; source=llm_generated; generator_model=gemini-3-flash-preview; parse_failed; not_effectively_malicious,False,True,True,2,False,"The candidate sample maintains the malicious intent of a union-based SQL injection attack, is realistic for an id_lookup context, and demonstrates a non-trivial mutation from the seed. Rejected by hard rule because syntax_valid or sandbox_malicious is false.",ollama_local+rules,ok
24,/* comment */ UNION SELECT username FROM users WHERE id = '#comment',SELECT * FROM users WHERE id = /* comment */ UNION SELECT username FROM users WHERE id = '#comment',id_lookup,false,false,attack_category=union_based; source=llm_generated; generator_model=gemini-3-flash-preview; parse_failed; not_effectively_malicious,False,True,True,2,False,"The candidate sample maintains the malicious intent of a union-based SQL injection attack, is realistic for an id_lookup context, and demonstrates a non-trivial mutation from the seed. Rejected by hard rule because syntax_valid or sandbox_malicious is false.",ollama_local+rules,ok
25,"UNION SELECT username, password FROM users --""","SELECT * FROM orders WHERE status = 'UNION SELECT username, password FROM users --""' ORDER BY date DESC",product_filter,true,false,attack_category=union_based; source=llm_generated; generator_model=gemini-3-flash-preview; payload_inside_quotes_only; not_effectively_malicious,False,True,True,2,False,"The candidate sample maintains the malicious intent of a union-based SQL injection attack, is realistic for a product filter context, and demonstrates a non-trivial mutation from the seed. Rejected by hard rule because syntax_valid or sandbox_malicious is false.",ollama_local+rules,ok
26,"OR 1=1;--""""""","SELECT * FROM orders WHERE status = 'OR 1=1;--""""""' ORDER BY date DESC",product_filter,true,false,attack_category=union_based; source=llm_generated; generator_model=gemini-3-flash-preview; payload_inside_quotes_only; not_effectively_malicious,False,True,True,2,False,"The candidate sample maintains the malicious intent of a union-based SQL injection attack, is realistic for a product filter context, and demonstrates a non-trivial mutation from the seed. Rejected by hard rule because syntax_valid or sandbox_malicious is false.",ollama_local+rules,ok
27,; DROP TABLE IF EXISTS temp_table; --,SELECT * FROM orders WHERE status = '; DROP TABLE IF EXISTS temp_table; --' ORDER BY date DESC,product_filter,true,false,attack_category=union_based; source=llm_generated; generator_model=gemini-3-flash-preview; payload_inside_quotes_only; not_effectively_malicious,False,True,True,2,False,"The candidate sample maintains the malicious intent of performing a union-based SQL injection attack, is realistic for a product filter context, and demonstrates a non-trivial mutation from the seed. Rejected by hard rule because syntax_valid or sandbox_malicious is false.",ollama_local+rules,ok
28,1); --,"INSERT INTO comments (user_id, body) VALUES (1, '1); --')",profile_update,true,false,attack_category=union_based; source=llm_generated; generator_model=gemini-3-flash-preview; payload_inside_quotes_only; not_effectively_malicious,False,True,True,2,False,"The candidate sample preserves the malicious intent of a union-based SQL injection attack, is realistic for a profile update context, and demonstrates a non-trivial mutation from the seed. Rejected by hard rule because syntax_valid or sandbox_malicious is false.",ollama_local+rules,ok
29,"1');/**/UNION/**/SELECT/**/user_id,/**/password/**/FROM/**/users--","INSERT INTO comments (user_id, body) VALUES (1, '1');/**/UNION/**/SELECT/**/user_id,/**/password/**/FROM/**/users--')",profile_update,false,false,attack_category=union_based; source=llm_generated; generator_model=gemini-3-flash-preview; payload_inside_quotes_only; parse_failed; not_effectively_malicious,False,True,True,2,False,"The candidate sample preserves the malicious intent of a union-based SQL injection attack, is realistic for a profile_update context, and demonstrates a non-trivial mutation from the seed. Rejected by hard rule because syntax_valid or sandbox_malicious is false.",ollama_local+rules,ok
30,1 OR '1'='1,"INSERT INTO comments (user_id, body) VALUES (1, '1 OR '1'='1')",profile_update,false,false,attack_category=union_based; source=llm_generated; generator_model=gemini-3-flash-preview; payload_inside_quotes_only; parse_failed; not_effectively_malicious,False,True,True,2,False,"The candidate sample is a union-based SQL injection attack that is both malicious and realistic for a profile update context, with a non-trivial mutation from the seed. Rejected by hard rule because syntax_valid or sandbox_malicious is false.",ollama_local+rules,ok
31,' OR '1'='1,SELECT * FROM users WHERE username = '' OR '1'='1' AND password = 'anything',login,true,false,attack_category=blind_boolean; source=llm_generated; generator_model=gemini-3-flash-preview; payload_inside_quotes_only; not_effectively_malicious,False,True,True,2,False,"The candidate sample maintains the malicious intent of a blind boolean attack in a login context, is realistic, and shows non-trivial mutation from the seed. Rejected by hard rule because syntax_valid or sandbox_malicious is false.",ollama_local+rules,ok
32,'; DROP TABLE IF EXISTS fakeusers; --,SELECT * FROM users WHERE username = ''; DROP TABLE IF EXISTS fakeusers; --' AND password = 'anything',login,true,false,attack_category=blind_boolean; source=llm_generated; generator_model=gemini-3-flash-preview; payload_inside_quotes_only; not_effectively_malicious,False,True,True,2,False,"The candidate sample maintains the malicious intent of performing a SQL injection attack, is realistic for a login context, and demonstrates a non-trivial mutation from the seed. Rejected by hard rule because syntax_valid or sandbox_malicious is false.",ollama_local+rules,ok
33,username LIKE '%admin%' AND password LIKE '%admin%,SELECT * FROM users WHERE username = 'username LIKE '%admin%' AND password LIKE '%admin%' AND password = 'anything',login,false,false,attack_category=blind_boolean; source=llm_generated; generator_model=gemini-3-flash-preview; payload_inside_quotes_only; parse_failed; not_effectively_malicious,False,True,True,2,False,"The candidate sample preserves the malicious intent of a blind boolean attack in a login context, is realistic, and demonstrates a non-trivial mutation from the seed. Rejected by hard rule because syntax_valid or sandbox_malicious is false.",ollama_local+rules,ok
34,"[""%\' AND 1=1 --""","SELECT * FROM products WHERE name LIKE '%[""%\' AND 1=1 --""%'",search,true,false,attack_category=blind_boolean; source=llm_generated; generator_model=gemini-3-flash-preview; payload_inside_quotes_only; not_effectively_malicious,False,True,True,2,False,"The candidate sample is a realistic blind boolean attack with non-trivial mutation, preserving malicious intent and context. Rejected by hard rule because syntax_valid or sandbox_malicious is false.",ollama_local+rules,ok
35,"\' OR 1=1 /*""","SELECT * FROM products WHERE name LIKE '%\' OR 1=1 /*""%'",search,false,false,attack_category=blind_boolean; source=llm_generated; generator_model=gemini-3-flash-preview; payload_inside_quotes_only; parse_failed; not_effectively_malicious,False,True,True,2,False,"The candidate sample maintains the malicious intent of a blind boolean attack in a search context, with a meaningful mutation from the seed. Rejected by hard rule because syntax_valid or sandbox_malicious is false.",ollama_local+rules,ok
36,"%\') OR 1=0; -- \'""","SELECT * FROM products WHERE name LIKE '%%\') OR 1=0; -- \'""%'",search,false,false,attack_category=blind_boolean; source=llm_generated; generator_model=gemini-3-flash-preview; payload_inside_quotes_only; parse_failed; not_effectively_malicious,False,True,True,2,False,"The candidate sample maintains the malicious intent of a SQL injection attack, is realistic for a search context, and demonstrates a non-trivial mutation from the seed. Rejected by hard rule because syntax_valid or sandbox_malicious is false.",ollama_local+rules,ok
37,"\' AND (SELECT 1 FROM users WHERE username = 'admin') --""","SELECT * FROM products WHERE name LIKE '%\' AND (SELECT 1 FROM users WHERE username = 'admin') --""%'",search,true,false,attack_category=blind_boolean; source=llm_generated; generator_model=gemini-3-flash-preview; payload_inside_quotes_only; not_effectively_malicious,False,True,True,2,False,"The candidate sample maintains the malicious intent of a SQL injection attack, is realistic for a search context, and demonstrates a non-trivial mutation from the seed. Rejected by hard rule because syntax_valid or sandbox_malicious is false.",ollama_local+rules,ok
38,"\' OR 1=1 UNION SELECT NULL, NULL, password FROM users --""]","SELECT * FROM products WHERE name LIKE '%\' OR 1=1 UNION SELECT NULL, NULL, password FROM users --""]%'",search,true,false,attack_category=blind_boolean; source=llm_generated; generator_model=gemini-3-flash-preview; payload_inside_quotes_only; not_effectively_malicious,False,True,True,2,False,"The candidate sample maintains the malicious intent of a blind boolean attack, is realistic for a search context, and demonstrates a non-trivial mutation from the seed. Rejected by hard rule because syntax_valid or sandbox_malicious is false.",ollama_local+rules,ok
39,(SELECT CASE WHEN (SELECT 1 FROM users WHERE username = 'admin') THEN 1 ELSE 0 END),SELECT * FROM users WHERE id = (SELECT CASE WHEN (SELECT 1 FROM users WHERE username = 'admin') THEN 1 ELSE 0 END),id_lookup,true,true,attack_category=blind_boolean; source=llm_generated; generator_model=gemini-3-flash-preview,True,True,True,4,True,"The candidate sample is a non-trivial mutation of the seed, preserves malicious intent, and is realistic for an id_lookup context.",ollama_local+rules,ok
40,{--} OR 1=1 {--},SELECT * FROM users WHERE id = {--} OR 1=1 {--},id_lookup,false,false,attack_category=blind_boolean; source=llm_generated; generator_model=gemini-3-flash-preview; parse_failed; not_effectively_malicious,False,True,True,2,False,"The candidate sample preserves the malicious intent of a blind boolean attack, is realistic for an id_lookup context, and demonstrates a non-trivial mutation from the seed. Rejected by hard rule because syntax_valid or sandbox_malicious is false.",ollama_local+rules,ok
41,(CASE WHEN (SELECT password FROM users WHERE id = 1 LIMIT 1) LIKE '%a%' THEN 1 ELSE 0 END),SELECT * FROM users WHERE id = (CASE WHEN (SELECT password FROM users WHERE id = 1 LIMIT 1) LIKE '%a%' THEN 1 ELSE 0 END),id_lookup,true,true,attack_category=blind_boolean; source=llm_generated; generator_model=gemini-3-flash-preview,True,True,True,4,True,"The candidate sample preserves the malicious intent of a blind boolean attack against an id lookup, with a non-trivial mutation from the seed.",ollama_local+rules,ok
42,' OR 1=1 --,SELECT * FROM orders WHERE status = '' OR 1=1 --' ORDER BY date DESC,product_filter,true,false,attack_category=blind_boolean; source=llm_generated; generator_model=gemini-3-flash-preview; payload_inside_quotes_only; not_effectively_malicious,False,True,True,2,False,"The candidate sample maintains the malicious intent of a blind boolean attack, is realistic for a product filter context, and demonstrates a non-trivial mutation from the seed. Rejected by hard rule because syntax_valid or sandbox_malicious is false.",ollama_local+rules,ok
43,' AND '1'='1',SELECT * FROM orders WHERE status = '' AND '1'='1'' ORDER BY date DESC,product_filter,false,false,attack_category=blind_boolean; source=llm_generated; generator_model=gemini-3-flash-preview; payload_inside_quotes_only; parse_failed; not_effectively_malicious,False,True,True,2,False,"The candidate sample maintains the malicious intent of a blind boolean attack, is realistic for a product filter context, and demonstrates a non-trivial mutation from the seed. Rejected by hard rule because syntax_valid or sandbox_malicious is false.",ollama_local+rules,ok
44,CASE WHEN 1=1 THEN '1' ELSE '' END,SELECT * FROM orders WHERE status = 'CASE WHEN 1=1 THEN '1' ELSE '' END' ORDER BY date DESC,product_filter,false,false,attack_category=blind_boolean; source=llm_generated; generator_model=gemini-3-flash-preview; payload_inside_quotes_only; parse_failed; not_effectively_malicious,False,True,True,2,False,"The candidate sample maintains the malicious intent of a blind boolean attack, is realistic for a product filter context, and demonstrates a non-trivial mutation from the seed. Rejected by hard rule because syntax_valid or sandbox_malicious is false.",ollama_local+rules,ok
45,' OR 1=1 --,"INSERT INTO comments (user_id, body) VALUES (1, '' OR 1=1 --')",profile_update,false,false,attack_category=blind_boolean; source=llm_generated; generator_model=gemini-3-flash-preview; payload_inside_quotes_only; parse_failed; not_effectively_malicious,False,True,True,2,False,"The candidate sample maintains the malicious intent of a blind boolean attack, is realistic for a profile update context, and demonstrates a non-trivial mutation from the seed. Rejected by hard rule because syntax_valid or sandbox_malicious is false.",ollama_local+rules,ok
46,' AND 1=1 /*,"INSERT INTO comments (user_id, body) VALUES (1, '' AND 1=1 /*')",profile_update,false,false,attack_category=blind_boolean; source=llm_generated; generator_model=gemini-3-flash-preview; payload_inside_quotes_only; parse_failed; not_effectively_malicious,False,True,True,2,False,"The candidate sample maintains the malicious intent of a blind boolean attack, is realistic for a profile update context, and demonstrates a non-trivial mutation from the seed. Rejected by hard rule because syntax_valid or sandbox_malicious is false.",ollama_local+rules,ok
47,'; DROP TABLE users;--,"INSERT INTO comments (user_id, body) VALUES (1, ''; DROP TABLE users;--')",profile_update,false,false,attack_category=blind_boolean; source=llm_generated; generator_model=gemini-3-flash-preview; payload_inside_quotes_only; parse_failed; not_effectively_malicious,False,True,True,2,False,"The candidate sample maintains the malicious intent of performing a SQL injection attack, is realistic for a profile update context, and demonstrates a non-trivial mutation from the seed. Rejected by hard rule because syntax_valid or sandbox_malicious is false.",ollama_local+rules,ok
48,' OR '1'='1' -- -,SELECT * FROM users WHERE username = '' OR '1'='1' -- -' AND password = 'anything',login,true,false,attack_category=blind_time; source=llm_generated; generator_model=gemini-3-flash-preview; payload_inside_quotes_only; not_effectively_malicious,False,True,True,2,False,"The candidate sample maintains the malicious intent of a SQL injection attack, is realistic for a login context, and demonstrates a non-trivial mutation from the seed. Rejected by hard rule because syntax_valid or sandbox_malicious is false.",ollama_local+rules,ok
49,' OR SLEEP(5) -- -,SELECT * FROM users WHERE username = '' OR SLEEP(5) -- -' AND password = 'anything',login,true,false,attack_category=blind_time; source=llm_generated; generator_model=gemini-3-flash-preview; payload_inside_quotes_only; not_effectively_malicious,False,True,True,2,False,"The candidate sample maintains the malicious intent of a SQL injection attack, is realistic for a login context, and demonstrates a non-trivial mutation from the seed. Rejected by hard rule because syntax_valid or sandbox_malicious is false.",ollama_local+rules,ok
50,'; WAITFOR DELAY '00:00:05' -- -,SELECT * FROM users WHERE username = ''; WAITFOR DELAY '00:00:05' -- -' AND password = 'anything',login,false,false,attack_category=blind_time; source=llm_generated; generator_model=gemini-3-flash-preview; payload_inside_quotes_only; parse_failed; not_effectively_malicious,False,True,True,2,False,"The candidate sample maintains the malicious intent of a blind time attack, is realistic for a login context, and demonstrates a non-trivial mutation from the seed. Rejected by hard rule because syntax_valid or sandbox_malicious is false.",ollama_local+rules,ok
51,"' OR '1'='1' AND EXISTS(SELECT 1 FROM users WHERE username LIKE '%' || SUBSTRING(password, 1, 1) || '%' SLEEP(5)) --","SELECT * FROM products WHERE name LIKE '%' OR '1'='1' AND EXISTS(SELECT 1 FROM users WHERE username LIKE '%' || SUBSTRING(password, 1, 1) || '%' SLEEP(5)) --%'",search,false,false,attack_category=blind_time; source=llm_generated; generator_model=gemini-3-flash-preview; payload_inside_quotes_only; parse_failed; not_effectively_malicious,False,True,True,2,False,"The candidate sample maintains the malicious intent of a blind time attack, is realistic for a search context, and demonstrates a non-trivial mutation from the seed. Rejected by hard rule because syntax_valid or sandbox_malicious is false.",ollama_local+rules,ok
52,""" OR ""1""=""1"" AND (SELECT IF(SUBSTRING(password, 1, 1) = 'a', sleep(5), NULL) FROM users)","SELECT * FROM products WHERE name LIKE '%"" OR ""1""=""1"" AND (SELECT IF(SUBSTRING(password, 1, 1) = 'a', sleep(5), NULL) FROM users)%'",search,false,false,attack_category=blind_time; source=llm_generated; generator_model=gemini-3-flash-preview; payload_inside_quotes_only; parse_failed; not_effectively_malicious,False,True,True,2,False,"The candidate sample maintains the malicious intent of a SQL injection attack, is realistic for a search context, and demonstrates a non-trivial mutation from the seed. Rejected by hard rule because syntax_valid or sandbox_malicious is false.",ollama_local+rules,ok
53,"' OR '1'='1' AND (BENCHMARK(1000000, MD5('')))","SELECT * FROM products WHERE name LIKE '%' OR '1'='1' AND (BENCHMARK(1000000, MD5('')))%'",search,false,false,attack_category=blind_time; source=llm_generated; generator_model=gemini-3-flash-preview; payload_inside_quotes_only; parse_failed; not_effectively_malicious,False,True,True,2,False,"The candidate sample preserves the malicious intent by including a SQL injection vulnerability, is realistic for a search context, and demonstrates a non-trivial mutation from the seed. Rejected by hard rule because syntax_valid or sandbox_malicious is false.",ollama_local+rules,ok
54,OR 1=1 --,SELECT * FROM users WHERE id = OR 1=1 --,id_lookup,false,false,attack_category=blind_time; source=llm_generated; generator_model=gemini-3-flash-preview; parse_failed; not_effectively_malicious,False,True,True,2,False,"The candidate sample preserves the malicious intent of a blind time attack, is realistic for an ID lookup context, and demonstrates a non-trivial mutation from the seed. Rejected by hard rule because syntax_valid or sandbox_malicious is false.",ollama_local+rules,ok
55,AND sleep(2) /*,SELECT * FROM users WHERE id = AND sleep(2) /*,id_lookup,false,false,attack_category=blind_time; source=llm_generated; generator_model=gemini-3-flash-preview; parse_failed; not_effectively_malicious,False,True,True,2,False,"The candidate sample maintains the malicious intent of a blind time attack, is realistic for an ID lookup context, and demonstrates a non-trivial mutation from the seed. Rejected by hard rule because syntax_valid or sandbox_malicious is false.",ollama_local+rules,ok
56,OR 1=1; DROP TABLE users --,SELECT * FROM users WHERE id = OR 1=1; DROP TABLE users --,id_lookup,false,false,attack_category=blind_time; source=llm_generated; generator_model=gemini-3-flash-preview; parse_failed; not_effectively_malicious,False,True,True,2,False,"The candidate sample preserves the malicious intent by maintaining the SQL injection pattern, is realistic for an ID lookup context, and demonstrates a non-trivial mutation from the seed. Rejected by hard rule because syntax_valid or sandbox_malicious is false.",ollama_local+rules,ok
57,SELECT * FROM orders WHERE status = 'ACTIVE' AND 1=0 OR 1=1 --' OR SLEEP(5) OR '1'='1,SELECT * FROM orders WHERE status = 'SELECT * FROM orders WHERE status = 'ACTIVE' AND 1=0 OR 1=1 --' OR SLEEP(5) OR '1'='1' ORDER BY date DESC,product_filter,false,false,attack_category=blind_time; source=llm_generated; generator_model=gemini-3-flash-preview; payload_inside_quotes_only; parse_failed; not_effectively_malicious,False,True,True,2,False,"The candidate sample preserves the malicious intent by maintaining the SQL injection pattern, is realistic for a product filter context, and shows a non-trivial mutation from the seed. Rejected by hard rule because syntax_valid or sandbox_malicious is false.",ollama_local+rules,ok
58,SELECT * FROM orders WHERE status = 'PENDING' AND EXTRACT(HOUR FROM NOW()) > 0 /*',SELECT * FROM orders WHERE status = 'SELECT * FROM orders WHERE status = 'PENDING' AND EXTRACT(HOUR FROM NOW()) > 0 /*'' ORDER BY date DESC,product_filter,false,false,attack_category=blind_time; source=llm_generated; generator_model=gemini-3-flash-preview; payload_inside_quotes_only; parse_failed; not_effectively_malicious,False,True,True,2,False,"The candidate sample maintains the malicious intent of a SQL injection attack, is realistic for a product filter context, and demonstrates a non-trivial mutation from the seed. Rejected by hard rule because syntax_valid or sandbox_malicious is false.",ollama_local+rules,ok
59,"SELECT * FROM orders WHERE status = 'SHIPPED' AND BENCHMARK(1000000,CRC32(RAND())) --'","SELECT * FROM orders WHERE status = 'SELECT * FROM orders WHERE status = 'SHIPPED' AND BENCHMARK(1000000,CRC32(RAND())) --'' ORDER BY date DESC",product_filter,false,false,attack_category=blind_time; source=llm_generated; generator_model=gemini-3-flash-preview; payload_inside_quotes_only; parse_failed; not_effectively_malicious,False,True,True,2,False,"The candidate sample maintains the malicious intent of injecting a SQL query by adding a malicious comment and modifying the order by clause, while being realistic for a product filter context. Rejected by hard rule because syntax_valid or sandbox_malicious is false.",ollama_local+rules,ok
60,;/**/SLEEP(5);--,"INSERT INTO comments (user_id, body) VALUES (1, ';/**/SLEEP(5);--')",profile_update,true,false,attack_category=blind_time; source=llm_generated; generator_model=gemini-3-flash-preview; payload_inside_quotes_only; not_effectively_malicious,False,True,True,2,False,"The candidate sample maintains the malicious intent of a SQL injection attack, is realistic for a profile update context, and represents a non-trivial mutation from the seed. Rejected by hard rule because syntax_valid or sandbox_malicious is false.",ollama_local+rules,ok
61,';-- WAITFOR DELAY '00:00:05' --,"INSERT INTO comments (user_id, body) VALUES (1, '';-- WAITFOR DELAY '00:00:05' --')",profile_update,false,false,attack_category=blind_time; source=llm_generated; generator_model=gemini-3-flash-preview; payload_inside_quotes_only; parse_failed; not_effectively_malicious,False,True,True,2,False,"The candidate sample preserves the malicious intent of injecting a blind time delay, is realistic for a profile update context, and demonstrates a non-trivial mutation from the seed. Rejected by hard rule because syntax_valid or sandbox_malicious is false.",ollama_local+rules,ok
62,"/*
TIME_WAIT('5')
*/;WAITFOR DELAY '00:00:05'--","INSERT INTO comments (user_id, body) VALUES (1, '/*
TIME_WAIT('5')
*/;WAITFOR DELAY '00:00:05'--')",profile_update,false,false,attack_category=blind_time; source=llm_generated; generator_model=gemini-3-flash-preview; payload_inside_quotes_only; parse_failed; not_effectively_malicious,False,True,True,2,False,"The candidate sample preserves the malicious intent of injecting a time-wait delay in a blind SQL injection attack, is realistic for a profile_update context, and demonstrates a non-trivial mutation from the seed. Rejected by hard rule because syntax_valid or sandbox_malicious is false.",ollama_local+rules,ok
63,; DROP TABLE IF EXISTS users; --,SELECT * FROM users WHERE username = '; DROP TABLE IF EXISTS users; --' AND password = 'anything',login,true,false,attack_category=stacked_queries; source=llm_generated; generator_model=gemini-3-flash-preview; payload_inside_quotes_only; not_effectively_malicious,False,True,True,2,False,"The candidate sample maintains the malicious intent of executing a stacked query, is realistic for a login context, and demonstrates a non-trivial mutation from the seed. Rejected by hard rule because syntax_valid or sandbox_malicious is false.",ollama_local+rules,ok
64,"'; CREATE TABLE hackers (id INTEGER PRIMARY KEY, name TEXT); --","SELECT * FROM users WHERE username = ''; CREATE TABLE hackers (id INTEGER PRIMARY KEY, name TEXT); --' AND password = 'anything'",login,true,false,attack_category=stacked_queries; source=llm_generated; generator_model=gemini-3-flash-preview; payload_inside_quotes_only; not_effectively_malicious,False,True,True,2,False,"The candidate sample maintains the malicious intent of a SQL injection attack, is realistic for a login context, and demonstrates a non-trivial mutation from the seed. Rejected by hard rule because syntax_valid or sandbox_malicious is false.",ollama_local+rules,ok
65,"--; INSERT INTO users (username, password) VALUES ('admin', 'admin');","SELECT * FROM users WHERE username = '--; INSERT INTO users (username, password) VALUES ('admin', 'admin');' AND password = 'anything'",login,false,false,attack_category=stacked_queries; source=llm_generated; generator_model=gemini-3-flash-preview; payload_inside_quotes_only; parse_failed; not_effectively_malicious,False,True,True,2,False,"The candidate sample maintains the malicious intent of executing a stacked query, is realistic for a login context, and demonstrates a non-trivial mutation from the seed. Rejected by hard rule because syntax_valid or sandbox_malicious is false.",ollama_local+rules,ok
66,; DROP TABLE users; --,SELECT * FROM products WHERE name LIKE '%; DROP TABLE users; --%',search,true,false,attack_category=stacked_queries; source=llm_generated; generator_model=gemini-3-flash-preview; payload_inside_quotes_only; not_effectively_malicious,False,True,True,2,False,"The candidate sample is a malicious SQL injection attack that is realistic for a search context, with a non-trivial mutation from the seed. Rejected by hard rule because syntax_valid or sandbox_malicious is false.",ollama_local+rules,ok
67,; SELECT * FROM users WHERE username = 'admin' AND password = 'anything'; //,SELECT * FROM products WHERE name LIKE '%; SELECT * FROM users WHERE username = 'admin' AND password = 'anything'; //%',search,false,false,attack_category=stacked_queries; source=llm_generated; generator_model=gemini-3-flash-preview; payload_inside_quotes_only; parse_failed; not_effectively_malicious,False,True,True,2,False,"The candidate sample maintains the malicious intent of stacking queries, is realistic for a search context, and demonstrates a non-trivial mutation from the seed. Rejected by hard rule because syntax_valid or sandbox_malicious is false.",ollama_local+rules,ok
68,'; DROP DATABASE database_name;--,SELECT * FROM products WHERE name LIKE '%'; DROP DATABASE database_name;--%',search,true,false,attack_category=stacked_queries; source=llm_generated; generator_model=gemini-3-flash-preview; payload_inside_quotes_only; not_effectively_malicious,False,True,True,2,False,"The candidate sample preserves the malicious intent of executing stacked queries while being contextually realistic for a search operation, with a non-trivial mutation from the seed. Rejected by hard rule because syntax_valid or sandbox_malicious is false.",ollama_local+rules,ok
69,; DROP TABLE users;,SELECT * FROM users WHERE id = ; DROP TABLE users;,id_lookup,false,false,attack_category=stacked_queries; source=llm_generated; generator_model=gemini-3-flash-preview; parse_failed; not_effectively_malicious,False,True,True,2,False,"The candidate sample maintains the malicious intent of a stacked query attack, is realistic for an id_lookup context, and demonstrates a non-trivial mutation from the seed. Rejected by hard rule because syntax_valid or sandbox_malicious is false.",ollama_local+rules,ok
70,"--
SELECT id FROM users --","SELECT * FROM users WHERE id = --
SELECT id FROM users --",id_lookup,false,false,attack_category=stacked_queries; source=llm_generated; generator_model=gemini-3-flash-preview; parse_failed; not_effectively_malicious,False,True,True,2,False,"The candidate sample demonstrates a stacked query attack with a meaningful mutation from the seed, maintaining malicious intent and relevance to the id_lookup context. Rejected by hard rule because syntax_valid or sandbox_malicious is false.",ollama_local+rules,ok
71,/*malicious*/ ; DELETE FROM users;,SELECT * FROM users WHERE id = /*malicious*/ ; DELETE FROM users;,id_lookup,false,false,attack_category=stacked_queries; source=llm_generated; generator_model=gemini-3-flash-preview; parse_failed; not_effectively_malicious,False,True,True,2,False,The candidate sample maintains the malicious intent of stacking queries and is realistic for an id_lookup context with non-trivial mutation. Rejected by hard rule because syntax_valid or sandbox_malicious is false.,ollama_local+rules,ok
72,; DROP TABLE users --,SELECT * FROM orders WHERE status = '; DROP TABLE users --' ORDER BY date DESC,product_filter,true,false,attack_category=stacked_queries; source=llm_generated; generator_model=gemini-3-flash-preview; payload_inside_quotes_only; not_effectively_malicious,False,True,True,2,False,The candidate sample maintains the malicious intent of stacking queries and is realistic for a product filter context with non-trivial mutation. Rejected by hard rule because syntax_valid or sandbox_malicious is false.,ollama_local+rules,ok
73,"; DELETE FROM orders;
--","SELECT * FROM orders WHERE status = '; DELETE FROM orders;
--' ORDER BY date DESC",product_filter,true,false,attack_category=stacked_queries; source=llm_generated; generator_model=gemini-3-flash-preview; payload_inside_quotes_only; not_effectively_malicious,False,True,True,2,False,"The candidate sample maintains the malicious intent of executing stacked queries, is realistic for a product filter context, and demonstrates a non-trivial mutation from the seed. Rejected by hard rule because syntax_valid or sandbox_malicious is false.",ollama_local+rules,ok
74,--'; INSERT INTO logs VALUES ('hack');--,SELECT * FROM orders WHERE status = '--'; INSERT INTO logs VALUES ('hack');--' ORDER BY date DESC,product_filter,true,false,attack_category=stacked_queries; source=llm_generated; generator_model=gemini-3-flash-preview; payload_inside_quotes_only; not_effectively_malicious,False,True,True,2,False,"The candidate sample maintains the malicious intent of injecting a stacked query while being contextually relevant to the product_filter scenario, with a non-trivial mutation from the seed. Rejected by hard rule because syntax_valid or sandbox_malicious is false.",ollama_local+rules,ok
75,SELECT * FROM users; DROP TABLE comments; --,"INSERT INTO comments (user_id, body) VALUES (1, 'SELECT * FROM users; DROP TABLE comments; --')",profile_update,true,false,attack_category=stacked_queries; source=llm_generated; generator_model=gemini-3-flash-preview; payload_inside_quotes_only; not_effectively_malicious,False,True,True,2,False,The candidate sample is a stacked query attack that maintains its malicious intent and is realistic for a profile update context with non-trivial mutation. Rejected by hard rule because syntax_valid or sandbox_malicious is false.,ollama_local+rules,ok
76,--'; DELETE FROM sessions; --,"INSERT INTO comments (user_id, body) VALUES (1, '--'; DELETE FROM sessions; --')",profile_update,false,false,attack_category=stacked_queries; source=llm_generated; generator_model=gemini-3-flash-preview; payload_inside_quotes_only; parse_failed; not_effectively_malicious,False,True,True,2,False,"The candidate sample preserves the malicious intent of executing a stacked query, is realistic for a profile update context, and demonstrates a non-trivial mutation from the seed. Rejected by hard rule because syntax_valid or sandbox_malicious is false.",ollama_local+rules,ok
77,"/* SQL Injection */; SELECT username, password FROM admin","INSERT INTO comments (user_id, body) VALUES (1, '/* SQL Injection */; SELECT username, password FROM admin')",profile_update,true,false,attack_category=stacked_queries; source=llm_generated; generator_model=gemini-3-flash-preview; payload_inside_quotes_only; not_effectively_malicious,False,True,True,2,False,"The candidate sample maintains the malicious intent of a SQL injection attack while being a meaningful mutation of the seed sample, representing a realistic attack scenario in the profile_update context. Rejected by hard rule because syntax_valid or sandbox_malicious is false.",ollama_local+rules,ok
78,SELECT * FROM users WHERE username = 'admin' /*--*/ AND password = 'admin',SELECT * FROM users WHERE username = 'SELECT * FROM users WHERE username = 'admin' /*--*/ AND password = 'admin'' AND password = 'anything',login,false,false,attack_category=comment_obfuscation; source=llm_generated; generator_model=gemini-3-flash-preview; payload_inside_quotes_only; parse_failed; not_effectively_malicious,False,True,True,2,False,"The candidate sample maintains the malicious intent of a SQL injection attack by using a comment obfuscation technique, while being realistic for a login context and showing non-trivial mutation from the seed. Rejected by hard rule because syntax_valid or sandbox_malicious is false.",ollama_local+rules,ok
79,SELECT * FROM users WHERE username = 'admin' #AND password = 'admin',SELECT * FROM users WHERE username = 'SELECT * FROM users WHERE username = 'admin' #AND password = 'admin'' AND password = 'anything',login,false,false,attack_category=comment_obfuscation; source=llm_generated; generator_model=gemini-3-flash-preview; payload_inside_quotes_only; parse_failed; not_effectively_malicious,False,True,True,2,False,"The candidate sample maintains the malicious intent of a SQL injection attack, is realistic for a login context, and demonstrates a non-trivial mutation from the seed. Rejected by hard rule because syntax_valid or sandbox_malicious is false.",ollama_local+rules,ok
80,SELECT * FROM users WHERE username = 'admin' AND (/*')) */ password = 'admin';,SELECT * FROM users WHERE username = 'SELECT * FROM users WHERE username = 'admin' AND (/*')) */ password = 'admin';' AND password = 'anything',login,false,false,attack_category=comment_obfuscation; source=llm_generated; generator_model=gemini-3-flash-preview; payload_inside_quotes_only; parse_failed; not_effectively_malicious,False,True,True,2,False,"The candidate sample preserves the malicious intent by maintaining the SQL injection attack pattern, is realistic for a login context, and demonstrates a non-trivial mutation from the seed. Rejected by hard rule because syntax_valid or sandbox_malicious is false.",ollama_local+rules,ok
81,/**/SELECT%20*%20FROM%20products%20WHERE%20name%20LIKE%20'%E2%9C%94%E2%9C%94',SELECT * FROM products WHERE name LIKE '%/**/SELECT%20*%20FROM%20products%20WHERE%20name%20LIKE%20'%E2%9C%94%E2%9C%94'%',search,false,false,attack_category=comment_obfuscation; source=llm_generated; generator_model=gemini-3-flash-preview; payload_inside_quotes_only; parse_failed; not_effectively_malicious,False,True,True,2,False,"The candidate sample maintains the malicious intent of injecting a SQL query through obfuscation, is realistic for a search context, and demonstrates a non-trivial mutation from the seed. Rejected by hard rule because syntax_valid or sandbox_malicious is false.",ollama_local+rules,ok
82,--+SELECT+*+FROM+products+WHERE+name+LIKE+'%%',SELECT * FROM products WHERE name LIKE '%--+SELECT+*+FROM+products+WHERE+name+LIKE+'%%'%',search,false,false,attack_category=comment_obfuscation; source=llm_generated; generator_model=gemini-3-flash-preview; payload_inside_quotes_only; parse_failed; not_effectively_malicious,False,True,True,2,False,"The candidate sample maintains the malicious intent of a SQL injection attack by introducing a malicious comment obfuscation, while being realistic for a search context. Rejected by hard rule because syntax_valid or sandbox_malicious is false.",ollama_local+rules,ok
83,#SELECT * FROM products WHERE name LIKE '/*%',SELECT * FROM products WHERE name LIKE '%#SELECT * FROM products WHERE name LIKE '/*%'%',search,false,false,attack_category=comment_obfuscation; source=llm_generated; generator_model=gemini-3-flash-preview; payload_inside_quotes_only; parse_failed; not_effectively_malicious,False,True,True,2,False,"The candidate sample maintains the malicious intent of injecting SQL through comment obfuscation, is realistic for a search context, and represents a non-trivial mutation from the seed. Rejected by hard rule because syntax_valid or sandbox_malicious is false.",ollama_local+rules,ok
84,--' OR '1'='1,SELECT * FROM users WHERE id = --' OR '1'='1,id_lookup,false,false,attack_category=comment_obfuscation; source=llm_generated; generator_model=gemini-3-flash-preview; parse_failed; not_effectively_malicious,False,True,True,2,False,"The candidate sample preserves the malicious intent of a SQL injection attack, is realistic for an id_lookup context, and demonstrates a non-trivial mutation from the seed. Rejected by hard rule because syntax_valid or sandbox_malicious is false.",ollama_local+rules,ok
85,/**/1=1,SELECT * FROM users WHERE id = /**/1=1,id_lookup,true,true,attack_category=comment_obfuscation; source=llm_generated; generator_model=gemini-3-flash-preview,True,True,True,4,True,"The candidate sample preserves the malicious intent of a SQL injection attack, is realistic for an id_lookup context, and demonstrates a non-trivial mutation from the seed.",ollama_local+rules,ok
86,SELECT * FROM orders WHERE status = '/*' OR '1'='1' /*' ORDER BY date DESC,SELECT * FROM orders WHERE status = 'SELECT * FROM orders WHERE status = '/*' OR '1'='1' /*' ORDER BY date DESC' ORDER BY date DESC,product_filter,false,false,attack_category=comment_obfuscation; source=llm_generated; generator_model=gemini-3-flash-preview; payload_inside_quotes_only; parse_failed; not_effectively_malicious,False,True,True,2,False,"The candidate sample maintains the malicious intent of injecting SQL by using comment obfuscation, is realistic for a product filter context, and shows a non-trivial mutation from the seed. Rejected by hard rule because syntax_valid or sandbox_malicious is false.",ollama_local+rules,ok
87,SELECT * FROM orders WHERE status = '--' OR 1=1 --' ORDER BY date DESC,SELECT * FROM orders WHERE status = 'SELECT * FROM orders WHERE status = '--' OR 1=1 --' ORDER BY date DESC' ORDER BY date DESC,product_filter,true,false,attack_category=comment_obfuscation; source=llm_generated; generator_model=gemini-3-flash-preview; payload_inside_quotes_only; not_effectively_malicious,False,True,True,2,False,"The candidate sample maintains the malicious intent of SQL injection through a comment obfuscation technique, is realistic for a product filter context, and demonstrates a non-trivial mutation from the seed. Rejected by hard rule because syntax_valid or sandbox_malicious is false.",ollama_local+rules,ok
88,SELECT * FROM orders WHERE status = '#' OR 1=1 #' ORDER BY date DESC,SELECT * FROM orders WHERE status = 'SELECT * FROM orders WHERE status = '#' OR 1=1 #' ORDER BY date DESC' ORDER BY date DESC,product_filter,false,false,attack_category=comment_obfuscation; source=llm_generated; generator_model=gemini-3-flash-preview; payload_inside_quotes_only; parse_failed; not_effectively_malicious,False,True,True,2,False,"The candidate sample maintains the malicious intent of SQL injection through a non-trivial mutation that preserves the context and syntax, making it realistic for a product filter scenario. Rejected by hard rule because syntax_valid or sandbox_malicious is false.",ollama_local+rules,ok
89,--' OR '1'='1,"INSERT INTO comments (user_id, body) VALUES (1, '--' OR '1'='1')",profile_update,true,false,attack_category=comment_obfuscation; source=llm_generated; generator_model=gemini-3-flash-preview; payload_inside_quotes_only; not_effectively_malicious,False,True,True,2,False,"The candidate sample maintains the malicious intent of SQL injection through the use of '--' OR '1'='1' in the context of a profile update, with a non-trivial mutation from the seed. Rejected by hard rule because syntax_valid or sandbox_malicious is false.",ollama_local+rules,ok
90,#' OR '1'='1,"INSERT INTO comments (user_id, body) VALUES (1, '#' OR '1'='1')",profile_update,true,false,attack_category=comment_obfuscation; source=llm_generated; generator_model=gemini-3-flash-preview; payload_inside_quotes_only; not_effectively_malicious,False,True,True,2,False,The candidate sample preserves the malicious intent of SQL injection through a non-trivial mutation that maintains the context of a profile update while being distinguishable from the seed. Rejected by hard rule because syntax_valid or sandbox_malicious is false.,ollama_local+rules,ok
91,/**/' OR '1'='1,"INSERT INTO comments (user_id, body) VALUES (1, '/**/' OR '1'='1')",profile_update,true,false,attack_category=comment_obfuscation; source=llm_generated; generator_model=gemini-3-flash-preview; payload_inside_quotes_only; not_effectively_malicious,False,True,True,2,False,"The candidate sample preserves the malicious intent of SQL injection through the use of a comment obfuscation technique, is realistic for a profile update context, and demonstrates a non-trivial mutation from the seed. Rejected by hard rule because syntax_valid or sandbox_malicious is false.",ollama_local+rules,ok
92,%27+OR+1=1;--,SELECT * FROM users WHERE username = '%27+OR+1=1;--' AND password = 'anything',login,true,false,attack_category=encoding_obfuscation; source=llm_generated; generator_model=gemini-3-flash-preview; payload_inside_quotes_only; not_effectively_malicious,False,True,True,2,False,"The candidate sample preserves the malicious intent of an SQL injection attack, is realistic for a login context, and demonstrates a non-trivial mutation from the seed. Rejected by hard rule because syntax_valid or sandbox_malicious is false.",ollama_local+rules,ok
93,%65%78%61%6D%70%6C%65+%72%65%61%64(%27+OR+1=1;),SELECT * FROM users WHERE username = '%65%78%61%6D%70%6C%65+%72%65%61%64(%27+OR+1=1;)' AND password = 'anything',login,true,false,attack_category=encoding_obfuscation; source=llm_generated; generator_model=gemini-3-flash-preview; payload_inside_quotes_only; not_effectively_malicious,False,True,True,2,False,"The candidate sample maintains the malicious intent of an SQL injection attack, is realistic for a login context, and represents a non-trivial mutation from the seed. Rejected by hard rule because syntax_valid or sandbox_malicious is false.",ollama_local+rules,ok
94,"UNION+SELECT+NULL,+username+FROM+users+WHERE+1=1","SELECT * FROM users WHERE username = 'UNION+SELECT+NULL,+username+FROM+users+WHERE+1=1' AND password = 'anything'",login,true,false,attack_category=encoding_obfuscation; source=llm_generated; generator_model=gemini-3-flash-preview; payload_inside_quotes_only; not_effectively_malicious,False,True,True,2,False,"The candidate sample maintains the malicious intent of an SQL injection attack while being contextually relevant to a login scenario, with a non-trivial mutation from the seed. Rejected by hard rule because syntax_valid or sandbox_malicious is false.",ollama_local+rules,ok
95,%25' OR '1'='1,SELECT * FROM products WHERE name LIKE '%%25' OR '1'='1%',search,true,false,attack_category=encoding_obfuscation; source=llm_generated; generator_model=gemini-3-flash-preview; payload_inside_quotes_only; not_effectively_malicious,False,True,True,2,False,"The candidate sample maintains the malicious intent of an SQL injection attack, is realistic for a search context, and demonstrates a non-trivial mutation from the seed. Rejected by hard rule because syntax_valid or sandbox_malicious is false.",ollama_local+rules,ok
96,"' OR ASCII(SUBSTRING(username,1,1))=116 --","SELECT * FROM products WHERE name LIKE '%' OR ASCII(SUBSTRING(username,1,1))=116 --%'",search,true,false,attack_category=encoding_obfuscation; source=llm_generated; generator_model=gemini-3-flash-preview; payload_inside_quotes_only; not_effectively_malicious,False,True,True,2,False,"The candidate sample preserves the malicious intent of an SQL injection attack, is realistic for a search context, and demonstrates a non-trivial mutation from the seed. Rejected by hard rule because syntax_valid or sandbox_malicious is false.",ollama_local+rules,ok
97,%23SELECT+*+FROM+users+WHERE+id+%3D+'admin',SELECT * FROM users WHERE id = %23SELECT+*+FROM+users+WHERE+id+%3D+'admin',id_lookup,false,false,attack_category=encoding_obfuscation; source=llm_generated; generator_model=gemini-3-flash-preview; parse_failed; not_effectively_malicious,False,True,True,2,False,"The candidate sample maintains the malicious intent of an SQL injection attack, is realistic for an id_lookup context, and demonstrates a non-trivial mutation from the seed. Rejected by hard rule because syntax_valid or sandbox_malicious is false.",ollama_local+rules,ok
98,SELECT+*+FROM+users+WHERE+id=CHAR(97)+||+CHAR(98)+||+CHAR(100),SELECT * FROM users WHERE id = SELECT+*+FROM+users+WHERE+id=CHAR(97)+||+CHAR(98)+||+CHAR(100),id_lookup,false,false,attack_category=encoding_obfuscation; source=llm_generated; generator_model=gemini-3-flash-preview; parse_failed; not_effectively_malicious,False,True,True,2,False,"The candidate sample maintains the malicious intent of an SQL injection attack, is realistic for an id_lookup context, and represents a non-trivial mutation from the seed. Rejected by hard rule because syntax_valid or sandbox_malicious is false.",ollama_local+rules,ok
99,/*SELECT*/+*+FRom+usErS+wHeRe+iD+/**/=/**/'a',SELECT * FROM users WHERE id = /*SELECT*/+*+FRom+usErS+wHeRe+iD+/**/=/**/'a',id_lookup,false,false,attack_category=encoding_obfuscation; source=llm_generated; generator_model=gemini-3-flash-preview; parse_failed; not_effectively_malicious,False,True,True,2,False,"The candidate sample maintains the malicious intent of an SQL injection attack, is realistic for an ID lookup context, and demonstrates a non-trivial mutation from the seed. Rejected by hard rule because syntax_valid or sandbox_malicious is false.",ollama_local+rules,ok
100,%27--,SELECT * FROM orders WHERE status = '%27--' ORDER BY date DESC,product_filter,true,false,attack_category=encoding_obfuscation; source=llm_generated; generator_model=gemini-3-flash-preview; payload_inside_quotes_only; not_effectively_malicious,False,True,True,2,False,"The candidate sample preserves the malicious intent of encoding a SQL injection payload, is realistic for a product filter context, and demonstrates a non-trivial mutation from the seed. Rejected by hard rule because syntax_valid or sandbox_malicious is false.",ollama_local+rules,ok
101,%60;/**/,SELECT * FROM orders WHERE status = '%60;/**/' ORDER BY date DESC,product_filter,true,false,attack_category=encoding_obfuscation; source=llm_generated; generator_model=gemini-3-flash-preview; payload_inside_quotes_only; not_effectively_malicious,False,True,True,2,False,"The candidate sample preserves the malicious intent of encoding a malicious string within a SQL query, is realistic for a product filter context, and demonstrates a non-trivial mutation from the seed. Rejected by hard rule because syntax_valid or sandbox_malicious is false.",ollama_local+rules,ok
102,CHAR(39)%0A,SELECT * FROM orders WHERE status = 'CHAR(39)%0A' ORDER BY date DESC,product_filter,true,false,attack_category=encoding_obfuscation; source=llm_generated; generator_model=gemini-3-flash-preview; payload_inside_quotes_only; not_effectively_malicious,False,True,True,2,False,"The candidate sample preserves the malicious intent of encoding a malicious string within quotes, is realistic for a product filter context, and demonstrates a non-trivial mutation from the seed. Rejected by hard rule because syntax_valid or sandbox_malicious is false.",ollama_local+rules,ok
103,"%27+UNION+SELECT+NULL,+body+FROM+users--","INSERT INTO comments (user_id, body) VALUES (1, '%27+UNION+SELECT+NULL,+body+FROM+users--')",profile_update,true,false,attack_category=encoding_obfuscation; source=llm_generated; generator_model=gemini-3-flash-preview; payload_inside_quotes_only; not_effectively_malicious,False,True,True,2,False,"The candidate sample maintains the malicious intent of an SQL injection attack, is realistic for a profile update context, and demonstrates a non-trivial mutation from the seed. Rejected by hard rule because syntax_valid or sandbox_malicious is false.",ollama_local+rules,ok
104,"CHAR(45)-*UNION+SELECT+email,+password+FROM+admin/*","INSERT INTO comments (user_id, body) VALUES (1, 'CHAR(45)-*UNION+SELECT+email,+password+FROM+admin/*')",profile_update,true,false,attack_category=encoding_obfuscation; source=llm_generated; generator_model=gemini-3-flash-preview; payload_inside_quotes_only; not_effectively_malicious,False,True,True,2,False,The candidate sample preserves the malicious intent of encoding obfuscation while maintaining realistic context for a profile_update scenario with non-trivial mutation. Rejected by hard rule because syntax_valid or sandbox_malicious is false.,ollama_local+rules,ok
105,SELECT * FROM users WHERE username = '' OR '1'='1',SELECT * FROM users WHERE username = 'SELECT * FROM users WHERE username = '' OR '1'='1'' AND password = 'anything',login,false,false,attack_category=nested_injection; source=llm_generated; generator_model=gemini-3-flash-preview; payload_inside_quotes_only; parse_failed; not_effectively_malicious,False,True,True,2,False,"The candidate sample maintains the malicious intent of a nested SQL injection attack, is realistic for a login context, and represents a non-trivial mutation from the seed. Rejected by hard rule because syntax_valid or sandbox_malicious is false.",ollama_local+rules,ok
106,SELECT * FROM users WHERE username = 'admin' --' AND password = 'anything',SELECT * FROM users WHERE username = 'SELECT * FROM users WHERE username = 'admin' --' AND password = 'anything'' AND password = 'anything',login,false,false,attack_category=nested_injection; source=llm_generated; generator_model=gemini-3-flash-preview; payload_inside_quotes_only; parse_failed; not_effectively_malicious,False,True,True,2,False,"The candidate sample maintains the malicious intent of a nested SQL injection attack, is realistic for a login context, and demonstrates a non-trivial mutation from the seed. Rejected by hard rule because syntax_valid or sandbox_malicious is false.",ollama_local+rules,ok
107,"SELECT * FROM users WHERE username IN ('admin', (SELECT 'x'))","SELECT * FROM users WHERE username = 'SELECT * FROM users WHERE username IN ('admin', (SELECT 'x'))' AND password = 'anything'",login,false,false,attack_category=nested_injection; source=llm_generated; generator_model=gemini-3-flash-preview; payload_inside_quotes_only; parse_failed; not_effectively_malicious,False,True,True,2,False,"The candidate sample maintains the malicious intent of a nested SQL injection attack, is realistic for a login context, and represents a non-trivial mutation from the seed. Rejected by hard rule because syntax_valid or sandbox_malicious is false.",ollama_local+rules,ok
108,;select * from users where username like '%' --,SELECT * FROM products WHERE name LIKE '%;select * from users where username like '%' --%',search,true,false,attack_category=nested_injection; source=llm_generated; generator_model=gemini-3-flash-preview; payload_inside_quotes_only; not_effectively_malicious,False,True,True,2,False,"The candidate sample maintains the malicious intent of a nested SQL injection attack, is realistic for a search context, and demonstrates a non-trivial mutation from the seed. Rejected by hard rule because syntax_valid or sandbox_malicious is false.",ollama_local+rules,ok
109,' OR EXISTS(SELECT 1 FROM orders),SELECT * FROM products WHERE name LIKE '%' OR EXISTS(SELECT 1 FROM orders)%',search,false,false,attack_category=nested_injection; source=llm_generated; generator_model=gemini-3-flash-preview; payload_inside_quotes_only; parse_failed; not_effectively_malicious,False,True,True,2,False,"The candidate sample maintains the malicious intent of a nested SQL injection attack, is realistic for a search context, and demonstrates a non-trivial mutation from the seed. Rejected by hard rule because syntax_valid or sandbox_malicious is false.",ollama_local+rules,ok
110,'; DROP TABLE IF EXISTS backups;--,SELECT * FROM products WHERE name LIKE '%'; DROP TABLE IF EXISTS backups;--%',search,true,false,attack_category=nested_injection; source=llm_generated; generator_model=gemini-3-flash-preview; payload_inside_quotes_only; not_effectively_malicious,False,True,True,2,False,"The candidate sample maintains the malicious intent of nested SQL injection, is realistic for a search context, and demonstrates a non-trivial mutation from the seed. Rejected by hard rule because syntax_valid or sandbox_malicious is false.",ollama_local+rules,ok
111,(SELECT 1 FROM (SELECT CASE WHEN id=1 THEN 1 ELSE 0 END AS x FROM users)),SELECT * FROM users WHERE id = (SELECT 1 FROM (SELECT CASE WHEN id=1 THEN 1 ELSE 0 END AS x FROM users)),id_lookup,true,false,attack_category=nested_injection; source=llm_generated; generator_model=gemini-3-flash-preview; not_effectively_malicious,False,True,True,2,False,"The candidate sample maintains the malicious intent of a nested SQL injection attack, is realistic for an id_lookup context, and demonstrates a non-trivial mutation from the seed. Rejected by hard rule because syntax_valid or sandbox_malicious is false.",ollama_local+rules,ok
112,1 AND (SELECT COUNT(*) FROM users WHERE id=2),SELECT * FROM users WHERE id = 1 AND (SELECT COUNT(*) FROM users WHERE id=2),id_lookup,true,false,attack_category=nested_injection; source=llm_generated; generator_model=gemini-3-flash-preview; not_effectively_malicious,False,True,True,2,False,"The candidate sample is a nested SQL injection attack that is both malicious in intent and realistic for an id_lookup context, with a non-trivial mutation from the seed. Rejected by hard rule because syntax_valid or sandbox_malicious is false.",ollama_local+rules,ok
113,-- OR 'a'='a'; SELECT * FROM users WHERE id=(SELECT MAX(id) FROM users),SELECT * FROM users WHERE id = -- OR 'a'='a'; SELECT * FROM users WHERE id=(SELECT MAX(id) FROM users),id_lookup,false,false,attack_category=nested_injection; source=llm_generated; generator_model=gemini-3-flash-preview; parse_failed; not_effectively_malicious,False,True,True,2,False,"The candidate sample maintains the malicious intent of a nested SQL injection attack, is realistic for an id_lookup context, and demonstrates a non-trivial mutation from the seed. Rejected by hard rule because syntax_valid or sandbox_malicious is false.",ollama_local+rules,ok
114,(SELECT status FROM users WHERE username = 'admin' AND password = 'password'),SELECT * FROM orders WHERE status = '(SELECT status FROM users WHERE username = 'admin' AND password = 'password')' ORDER BY date DESC,product_filter,false,false,attack_category=nested_injection; source=llm_generated; generator_model=gemini-3-flash-preview; payload_inside_quotes_only; parse_failed; not_effectively_malicious,False,True,True,2,False,"The candidate sample maintains the malicious intent of a nested SQL injection attack, is realistic for a product filter context, and demonstrates a non-trivial mutation from the seed. Rejected by hard rule because syntax_valid or sandbox_malicious is false.",ollama_local+rules,ok
115,/* OR (SELECT 1 FROM users WHERE username = 'admin'-- */),SELECT * FROM orders WHERE status = '/* OR (SELECT 1 FROM users WHERE username = 'admin'-- */)' ORDER BY date DESC,product_filter,false,false,attack_category=nested_injection; source=llm_generated; generator_model=gemini-3-flash-preview; payload_inside_quotes_only; parse_failed; not_effectively_malicious,False,True,True,2,False,"The candidate sample maintains the malicious intent of a nested SQL injection attack, is realistic for a product filter context, and demonstrates a non-trivial mutation from the seed. Rejected by hard rule because syntax_valid or sandbox_malicious is false.",ollama_local+rules,ok
116,OR (SELECT * FROM (SELECT * FROM users WHERE username = 'admin') AS temp),SELECT * FROM orders WHERE status = 'OR (SELECT * FROM (SELECT * FROM users WHERE username = 'admin') AS temp)' ORDER BY date DESC,product_filter,false,false,attack_category=nested_injection; source=llm_generated; generator_model=gemini-3-flash-preview; payload_inside_quotes_only; parse_failed; not_effectively_malicious,False,True,True,2,False,"The candidate sample maintains the malicious intent of a nested SQL injection attack, is realistic for a product filter context, and demonstrates a non-trivial mutation from the seed. Rejected by hard rule because syntax_valid or sandbox_malicious is false.",ollama_local+rules,ok
117,(SELECT body FROM comments WHERE user_id=1)--,"INSERT INTO comments (user_id, body) VALUES (1, '(SELECT body FROM comments WHERE user_id=1)--')",profile_update,true,false,attack_category=nested_injection; source=llm_generated; generator_model=gemini-3-flash-preview; payload_inside_quotes_only; not_effectively_malicious,False,True,True,2,False,"The candidate sample maintains the malicious intent of a nested SQL injection attack, is realistic for a profile update context, and demonstrates a non-trivial mutation from the seed. Rejected by hard rule because syntax_valid or sandbox_malicious is false.",ollama_local+rules,ok
118,--(SELECT body FROM comments WHERE user_id=1) --,"INSERT INTO comments (user_id, body) VALUES (1, '--(SELECT body FROM comments WHERE user_id=1) --')",profile_update,true,false,attack_category=nested_injection; source=llm_generated; generator_model=gemini-3-flash-preview; payload_inside_quotes_only; not_effectively_malicious,False,True,True,2,False,"The candidate sample maintains the malicious intent of a nested SQL injection attack, is realistic for a profile update context, and represents a non-trivial mutation from the seed. Rejected by hard rule because syntax_valid or sandbox_malicious is false.",ollama_local+rules,ok
119,;--(SELECT body FROM comments WHERE user_id=1);--,"INSERT INTO comments (user_id, body) VALUES (1, ';--(SELECT body FROM comments WHERE user_id=1);--')",profile_update,true,false,attack_category=nested_injection; source=llm_generated; generator_model=gemini-3-flash-preview; payload_inside_quotes_only; not_effectively_malicious,False,True,True,2,False,The candidate sample maintains the malicious intent of a nested SQL injection attack while being contextually relevant to a profile update scenario with valid syntax and sandbox maliciousness evaluation. Rejected by hard rule because syntax_valid or sandbox_malicious is false.,ollama_local+rules,ok
